2025-12-17 10:23:51,415 - __main__ - INFO - Starting TRANS-QML Application
2025-12-17 10:23:52,373 - __main__ - INFO - macOS application name set via NSBundle
2025-12-17 10:23:55,281 - __main__ - INFO - Application icon set: /Users/eduardapolicarpo/Documents/Doutorado/TRANS_QML/icon.png
2025-12-17 10:23:55,326 - src.backend.app_backend - INFO - Loaded 10 recent projects
2025-12-17 10:23:55,330 - src.data_loaders.nanosurf_sts_enhanced - WARNING - Could not apply NSFopen patches: type object 'read' has no attribute 'read'
2025-12-17 10:23:55,330 - src.backend.app_backend - INFO - Nanosurf loader initialized
2025-12-17 10:23:55,330 - src.backend.app_backend - INFO - NeaSpec loader initialized
2025-12-17 10:23:55,330 - src.backend.app_backend - INFO - Omicron Matrix STS loader initialized
2025-12-17 10:23:55,331 - src.backend.app_backend - INFO - Omicron Flat image loader initialized
2025-12-17 10:23:55,332 - src.backend.worker - INFO - PersistentWorker initialized
2025-12-17 10:23:55,343 - src.backend.worker - INFO - WorkerManager initialized with persistent worker
2025-12-17 10:23:55,343 - src.backend.worker - INFO - PersistentWorker thread started
2025-12-17 10:23:55,348 - src.backend.dock_manager - INFO - DockManager initialized. Config dir: /Users/eduardapolicarpo/.trans_qml
2025-12-17 10:23:55,349 - src.backend.app_backend - INFO - AppBackend initialized with all tools
2025-12-17 10:23:58,278 - src.backend.app_backend - INFO - Naming date format set to: dd-mm-yyyy
2025-12-17 10:23:59,606 - __main__ - INFO - Application started successfully
2025-12-17 10:24:11,340 - src.backend.app_backend - INFO - Creating project: a at /Users/eduardapolicarpo/Documents/TRANS_QML_Projects/a
2025-12-17 10:24:11,360 - src.backend.app_backend - INFO - Saved 10 recent projects
2025-12-17 10:24:11,363 - src.backend.app_backend - INFO - Project created: a (directories will be created on first output)
2025-12-17 10:24:14,832 - src.backend.workflow_manager - INFO - Created workflow: New Workflow (ID: d1dea5bc)
2025-12-17 10:26:02,398 - src.backend.app_backend - INFO - Closing all windows (0 open)
2025-12-17 10:26:02,399 - src.backend.app_backend - INFO - All windows closed
2025-12-17 10:26:02,406 - __main__ - INFO - === Application shutting down ===
2025-12-17 10:26:02,406 - __main__ - INFO - Closing 0 open windows...
2025-12-17 10:26:02,406 - __main__ - INFO - All windows closed
2025-12-17 10:26:02,406 - __main__ - INFO - Stopping worker thread...
2025-12-17 10:26:02,406 - src.backend.worker - INFO - PersistentWorker stop() called
2025-12-17 10:26:02,406 - src.backend.worker - INFO - PersistentWorker stop signal sent
2025-12-17 10:26:02,406 - src.backend.worker - INFO - PersistentWorker thread stopped
2025-12-17 10:26:02,406 - __main__ - INFO - Worker thread stopped
2025-12-17 10:26:02,407 - __main__ - INFO - === Cleanup complete ===
2025-12-17 10:26:02,407 - __main__ - INFO - Application event loop exited with code 0
2025-12-17 10:26:10,823 - __main__ - INFO - Starting TRANS-QML Application
2025-12-17 10:26:10,993 - __main__ - INFO - macOS application name set via NSBundle
2025-12-17 10:26:11,330 - __main__ - INFO - Application icon set: /Users/eduardapolicarpo/Documents/Doutorado/TRANS_QML/icon.png
2025-12-17 10:26:11,337 - src.backend.app_backend - INFO - Loaded 10 recent projects
2025-12-17 10:26:11,338 - src.data_loaders.nanosurf_sts_enhanced - WARNING - Could not apply NSFopen patches: type object 'read' has no attribute 'read'
2025-12-17 10:26:11,338 - src.backend.app_backend - INFO - Nanosurf loader initialized
2025-12-17 10:26:11,338 - src.backend.app_backend - INFO - NeaSpec loader initialized
2025-12-17 10:26:11,338 - src.backend.app_backend - INFO - Omicron Matrix STS loader initialized
2025-12-17 10:26:11,338 - src.backend.app_backend - INFO - Omicron Flat image loader initialized
2025-12-17 10:26:11,339 - src.backend.worker - INFO - PersistentWorker initialized
2025-12-17 10:26:11,339 - src.backend.worker - INFO - WorkerManager initialized with persistent worker
2025-12-17 10:26:11,339 - src.backend.worker - INFO - PersistentWorker thread started
2025-12-17 10:26:11,340 - src.backend.dock_manager - INFO - DockManager initialized. Config dir: /Users/eduardapolicarpo/.trans_qml
2025-12-17 10:26:11,340 - src.backend.app_backend - INFO - AppBackend initialized with all tools
2025-12-17 10:26:11,879 - src.backend.app_backend - INFO - Naming date format set to: dd-mm-yyyy
2025-12-17 10:26:12,076 - __main__ - INFO - Application started successfully
2025-12-17 10:26:25,061 - src.backend.app_backend - INFO - Creating project: h at /Users/eduardapolicarpo/Documents/TRANS_QML_Projects/h
2025-12-17 10:26:25,064 - src.backend.app_backend - INFO - Saved 10 recent projects
2025-12-17 10:26:25,068 - src.backend.app_backend - INFO - Project created: h (directories will be created on first output)
2025-12-17 10:26:49,947 - src.backend.workflow_manager - INFO - Created workflow: New Workflow (ID: b8c9cb89)
2025-12-17 10:26:55,696 - src.backend.workflow_manager - INFO - Created workflow: New Workflow (ID: c4101d94)
2025-12-17 10:27:36,936 - src.backend.app_backend - INFO - Importing folder: /Users/eduardapolicarpo/Documents/Doutorado/Artigos/Artigo MnBi2Te4 Doutorado/medidas/STM UHV/todas as medidas exportadas/06-Feb-2025
2025-12-17 10:27:36,938 - src.backend.app_backend - INFO - Importing folder: /Users/eduardapolicarpo/Documents/Doutorado/Artigos/Artigo MnBi2Te4 Doutorado/medidas/STM UHV/todas as medidas exportadas/06-Feb-2025
2025-12-17 10:27:36,939 - src.backend.worker - INFO - Task queued: Load 06-Feb-2025
2025-12-17 10:27:36,939 - src.backend.worker - INFO - Executing task: Load 06-Feb-2025
2025-12-17 10:27:36,943 - src.backend.app_backend - INFO - Worker started: Load 06-Feb-2025
2025-12-17 10:27:36,983 - src.data_loaders.omicron_mtrx_loader - INFO - Loading 45 matrix files from /Users/eduardapolicarpo/Documents/Doutorado/Artigos/Artigo MnBi2Te4 Doutorado/medidas/STM UHV/todas as medidas exportadas/06-Feb-2025
2025-12-17 10:27:36,983 - src.data_loaders.omicron_mtrx_loader - INFO - File types found: ['I(V)']
2025-12-17 10:27:39,323 - src.data_loaders.omicron_mtrx_loader - WARNING - Odd number of points (17), truncating last point
2025-12-17 10:27:40,252 - src.data_loaders.omicron_mtrx_loader - WARNING - Odd number of points (317), truncating last point
2025-12-17 10:27:42,042 - src.data_loaders.omicron_mtrx_loader - WARNING - Odd number of points (221), truncating last point
2025-12-17 10:27:42,941 - src.data_loaders.omicron_mtrx_loader - WARNING - Odd number of points (553), truncating last point
2025-12-17 10:27:48,807 - src.data_loaders.omicron_mtrx_loader - WARNING - Odd number of points (461), truncating last point
2025-12-17 10:27:48,845 - src.data_loaders.omicron_mtrx_loader - WARNING - Odd number of points (237), truncating last point
2025-12-17 10:27:49,267 - src.data_loaders.omicron_mtrx_loader - INFO - Main channel: I(V) with 300 points, 21 spectra
2025-12-17 10:27:49,268 - src.data_loaders.omicron_mtrx_loader - INFO - Each spectrum has Forward, Backward, and Mixed channels
2025-12-17 10:27:49,284 - src.data_loaders.omicron_mtrx_loader - INFO - Additional channel group: I(V)_500pts with 10 spectra
2025-12-17 10:27:49,285 - src.data_loaders.omicron_mtrx_loader - INFO - Additional channel group: I(V)_194pts with 1 spectra
2025-12-17 10:27:49,287 - src.data_loaders.omicron_mtrx_loader - INFO - Additional channel group: I(V)_8pts with 1 spectra
2025-12-17 10:27:49,288 - src.data_loaders.omicron_mtrx_loader - INFO - Additional channel group: I(V)_158pts with 1 spectra
2025-12-17 10:27:49,289 - src.data_loaders.omicron_mtrx_loader - INFO - Additional channel group: I(V)_9pts with 1 spectra
2025-12-17 10:27:49,290 - src.data_loaders.omicron_mtrx_loader - INFO - Additional channel group: I(V)_110pts with 1 spectra
2025-12-17 10:27:49,294 - src.data_loaders.omicron_mtrx_loader - INFO - Additional channel group: I(V)_1000pts with 1 spectra
2025-12-17 10:27:49,296 - src.data_loaders.omicron_mtrx_loader - INFO - Additional channel group: I(V)_276pts with 1 spectra
2025-12-17 10:27:49,300 - src.data_loaders.omicron_mtrx_loader - INFO - Additional channel group: I(V)_230pts with 1 spectra
2025-12-17 10:27:49,304 - src.data_loaders.omicron_mtrx_loader - INFO - Additional channel group: I(V)_26pts with 1 spectra
2025-12-17 10:27:49,306 - src.data_loaders.omicron_mtrx_loader - INFO - Additional channel group: I(V)_118pts with 1 spectra
2025-12-17 10:27:49,307 - src.data_loaders.omicron_mtrx_loader - INFO - Additional channel group: I(V)_63pts with 1 spectra
2025-12-17 10:27:49,309 - src.data_loaders.omicron_mtrx_loader - INFO - Additional channel group: I(V)_516pts with 1 spectra
2025-12-17 10:27:49,310 - src.data_loaders.omicron_mtrx_loader - INFO - Additional channel group: I(V)_200pts with 1 spectra
2025-12-17 10:27:49,311 - src.data_loaders.omicron_mtrx_loader - INFO - Additional channel group: I(V)_30pts with 1 spectra
2025-12-17 10:27:49,311 - src.data_loaders.omicron_mtrx_loader - WARNING - Found 16 different spectrum lengths. Main channel uses 300 points. Other groups stored as additional channels.
2025-12-17 10:27:49,314 - src.data_loaders.omicron_mtrx_loader - INFO - Successfully loaded STS data with Forward/Backward/Mixed channels: SpectralData(type='omicron_matrix_sts', dimensions=(21, 1), spectra=21, points=300)
2025-12-17 10:27:49,315 - src.backend.app_backend - INFO - Loaded Omicron I(V) dataset: 06-Feb-2025_IV
2025-12-17 10:27:49,315 - src.backend.worker - INFO - Task completed: Load 06-Feb-2025
2025-12-17 10:27:49,317 - src.backend.app_backend - INFO - Worker completed: Load 06-Feb-2025
2025-12-17 10:27:49,327 - src.backend.map_editor_backend - INFO - Linked dataset '06-Feb-2025_IV' with 21 spectra
2025-12-17 10:27:49,329 - src.backend.app_backend - INFO - Folder loading complete: 1 datasets
2025-12-17 10:27:52,419 - src.backend.app_backend - INFO - Active dataset: 06-Feb-2025_IV
2025-12-17 10:27:52,489 - src.backend.app_backend - INFO - Opening dataset in plot and table: 06-Feb-2025_IV
2025-12-17 10:27:53,231 - src.widgets.enhanced_table_window - INFO - Loaded 300 rows, 22 columns
2025-12-17 10:27:53,262 - src.backend.app_backend - INFO - Table window created for 06-Feb-2025_IV
2025-12-17 10:27:53,262 - src.backend.app_backend - INFO - Opened dataset 06-Feb-2025_IV in plot window, table loading...
2025-12-17 10:28:05,203 - src.widgets.enhanced_table_window - INFO - Created plot from table: 13 curves
2025-12-17 10:28:18,849 - src.backend.app_backend - INFO - Table closed: table_2
2025-12-17 10:28:20,426 - src.backend.app_backend - INFO - Graph closed: graph_1
2025-12-17 10:28:45,886 - src.backend.app_backend - INFO - Submitting derivative calculation for 06-Feb-2025_IV to worker
2025-12-17 10:28:45,887 - src.backend.worker - INFO - Task queued: Derivative 06-Feb-2025_IV
2025-12-17 10:28:45,888 - src.backend.worker - INFO - Executing task: Derivative 06-Feb-2025_IV
2025-12-17 10:28:45,888 - src.backend.tool_implementations - INFO - Calculating 1-order derivative of 06-Feb-2025_IV
2025-12-17 10:28:45,888 - src.backend.tool_implementations - INFO - Dataset shape: (300, 22), columns: ['V', 'Point_1', 'Point_2', 'Point_3', 'Point_4']...
2025-12-17 10:28:45,889 - src.backend.app_backend - INFO - Worker started: Derivative 06-Feb-2025_IV
2025-12-17 10:28:45,890 - src.backend.tool_implementations - INFO - Independent var length: 300, spectra shape: (300, 21)
2025-12-17 10:28:45,900 - src.backend.app_backend - INFO - Created output directory: /Users/eduardapolicarpo/Documents/TRANS_QML_Projects/h/h_outputs/derivatives
2025-12-17 10:28:45,929 - src.backend.tool_implementations - INFO - Derivative saved to /Users/eduardapolicarpo/Documents/TRANS_QML_Projects/h/h_outputs/derivatives/06-Feb-2025_IV_1st_derivative.csv
2025-12-17 10:28:45,929 - src.backend.worker - INFO - Task completed: Derivative 06-Feb-2025_IV
2025-12-17 10:28:45,930 - src.backend.map_editor_backend - INFO - Linked dataset '06-Feb-2025 IV - 1st Derivative' with 21 spectra
2025-12-17 10:28:45,931 - src.backend.map_editor_backend - INFO - Linked dataset '06-Feb-2025_IV' with 21 spectra
2025-12-17 10:28:45,936 - src.backend.app_backend - INFO - Worker completed: Derivative 06-Feb-2025_IV
2025-12-17 10:28:45,936 - src.backend.app_backend - INFO - Derivative calculation completed: /Users/eduardapolicarpo/Documents/TRANS_QML_Projects/h/h_outputs/derivatives/06-Feb-2025_IV_1st_derivative.csv
2025-12-17 10:28:52,102 - src.backend.app_backend - INFO - Active dataset: 06-Feb-2025 IV - 1st Derivative
2025-12-17 10:38:07,443 - src.backend.app_backend - INFO - Importing image: /Users/eduardapolicarpo/Documents/Doutorado/TRANS_QML/outputs/maps/STS_hyperspec_MnBi2Te4_1_Mixed_Map_0.071_0.tiff
2025-12-17 10:38:07,553 - src.backend.map_editor_backend - INFO - Loading map from: /Users/eduardapolicarpo/Documents/Doutorado/TRANS_QML/outputs/maps/STS_hyperspec_MnBi2Te4_1_Mixed_Map_0.071_0.tiff
2025-12-17 10:38:07,555 - src.models.map_channel - INFO - Added channel 'STS_hyperspec_MnBi2Te4_1_Mixed_Map_0.071_0' (height) to map
2025-12-17 10:38:07,565 - src.backend.map_editor_backend - INFO - Loaded map: MultiChannelMap(channels=1, shape=(100, 100), names=['STS_hyperspec_MnBi2Te4_1_Mixed_Map_0.071_0'])
2025-12-17 10:38:07,567 - src.backend.app_backend - INFO - Image imported: Image_STS_hyperspec_MnBi2Te4_1_Mixed_Map_0.071_0, shape=(100, 100)
2025-12-17 10:38:15,894 - src.backend.app_backend - INFO - Active dataset: 06-Feb-2025 IV - 1st Derivative
2025-12-17 10:38:17,329 - src.backend.app_backend - INFO - Active dataset: 06-Feb-2025_IV
2025-12-17 10:38:18,299 - src.backend.app_backend - INFO - Active dataset: 06-Feb-2025_IV
2025-12-17 10:38:18,961 - src.backend.app_backend - INFO - Active dataset: 06-Feb-2025 IV - 1st Derivative
2025-12-17 10:38:53,678 - src.backend.app_backend - INFO - Submitting map discretization to worker
2025-12-17 10:38:53,679 - src.backend.worker - INFO - Task queued: Discretize Map
2025-12-17 10:38:53,679 - src.backend.worker - INFO - Executing task: Discretize Map
2025-12-17 10:38:53,679 - src.backend.app_backend - INFO - Worker started: Discretize Map
2025-12-17 10:38:53,688 - src.backend.tool_implementations - INFO - Discretizing map: /Users/eduardapolicarpo/Documents/Doutorado/TRANS_QML/outputs/maps/STS_hyperspec_MnBi2Te4_1_Mixed_Map_0.071_0.tiff to 21x1
2025-12-17 10:38:54,626 - src.backend.tool_implementations - INFO - Original size: 100x100
2025-12-17 10:38:54,627 - src.backend.app_backend - INFO - Created output directory: /Users/eduardapolicarpo/Documents/TRANS_QML_Projects/h/h_outputs/discretized
2025-12-17 10:38:54,628 - src.backend.tool_implementations - INFO - Map discretized from 100x100 to 21x1, saved to /Users/eduardapolicarpo/Documents/TRANS_QML_Projects/h/h_outputs/discretized/STS_hyperspec_MnBi2Te4_1_Mixed_Map_0.071_0_discretized_21x1.tiff
2025-12-17 10:38:54,628 - src.backend.worker - INFO - Task completed: Discretize Map
2025-12-17 10:38:54,629 - src.backend.app_backend - INFO - Worker completed: Discretize Map
2025-12-17 10:38:54,629 - src.backend.app_backend - INFO - Map Discretizer completed: /Users/eduardapolicarpo/Documents/TRANS_QML_Projects/h/h_outputs/discretized/STS_hyperspec_MnBi2Te4_1_Mixed_Map_0.071_0_discretized_21x1.tiff
2025-12-17 10:38:54,630 - src.backend.app_backend - INFO - Registered output file: output_1 from Map Discretizer
2025-12-17 10:39:01,028 - src.backend.app_backend - WARNING - Map ID not found: map_3
2025-12-17 10:39:07,972 - src.backend.app_backend - WARNING - Map ID not found: map_3
2025-12-17 10:45:35,790 - src.backend.app_backend - INFO - Closing all windows (0 open)
2025-12-17 10:45:35,794 - src.backend.app_backend - INFO - All windows closed
2025-12-17 10:45:35,801 - __main__ - INFO - === Application shutting down ===
2025-12-17 10:45:35,801 - __main__ - INFO - Closing 0 open windows...
2025-12-17 10:45:35,802 - __main__ - INFO - All windows closed
2025-12-17 10:45:35,802 - __main__ - INFO - Stopping worker thread...
2025-12-17 10:45:35,802 - src.backend.worker - INFO - PersistentWorker stop() called
2025-12-17 10:45:35,803 - src.backend.worker - INFO - PersistentWorker stop signal sent
2025-12-17 10:45:35,803 - src.backend.worker - INFO - PersistentWorker thread stopped
2025-12-17 10:45:35,804 - __main__ - INFO - Worker thread stopped
2025-12-17 10:45:35,805 - __main__ - INFO - === Cleanup complete ===
2025-12-17 10:45:35,806 - __main__ - INFO - Application event loop exited with code 0
2025-12-17 10:48:06,248 - __main__ - INFO - Starting TRANS-QML Application
2025-12-17 10:48:06,437 - __main__ - INFO - macOS application name set via NSBundle
2025-12-17 10:48:06,809 - __main__ - INFO - Application icon set: /Users/eduardapolicarpo/Documents/Doutorado/TRANS_QML/icon.png
2025-12-17 10:48:06,817 - src.backend.app_backend - INFO - Loaded 10 recent projects
2025-12-17 10:48:06,818 - src.data_loaders.nanosurf_sts_enhanced - WARNING - Could not apply NSFopen patches: type object 'read' has no attribute 'read'
2025-12-17 10:48:06,818 - src.backend.app_backend - INFO - Nanosurf loader initialized
2025-12-17 10:48:06,818 - src.backend.app_backend - INFO - NeaSpec loader initialized
2025-12-17 10:48:06,818 - src.backend.app_backend - INFO - Omicron Matrix STS loader initialized
2025-12-17 10:48:06,818 - src.backend.app_backend - INFO - Omicron Flat image loader initialized
2025-12-17 10:48:06,818 - src.backend.worker - INFO - PersistentWorker initialized
2025-12-17 10:48:06,818 - src.backend.worker - INFO - WorkerManager initialized with persistent worker
2025-12-17 10:48:06,819 - src.backend.dock_manager - INFO - DockManager initialized. Config dir: /Users/eduardapolicarpo/.trans_qml
2025-12-17 10:48:06,819 - src.backend.app_backend - INFO - AppBackend initialized with all tools
2025-12-17 10:48:06,819 - src.backend.worker - INFO - PersistentWorker thread started
2025-12-17 10:48:07,559 - __main__ - INFO - Application started successfully
2025-12-17 10:48:23,748 - src.backend.app_backend - INFO - Creating project: n at /Users/eduardapolicarpo/Documents/TRANS_QML_Projects/n
2025-12-17 10:48:23,753 - src.backend.app_backend - INFO - Saved 10 recent projects
2025-12-17 10:48:23,757 - src.backend.app_backend - INFO - Project created: n (directories will be created on first output)
2025-12-17 10:48:44,412 - src.backend.app_backend - INFO - Importing folder: /Users/eduardapolicarpo/Documents/Doutorado/Artigos/Artigo MnBi2Te4 Doutorado/medidas/STM UHV/todas as medidas exportadas/06-Feb-2025
2025-12-17 10:48:44,412 - src.backend.app_backend - INFO - Importing folder: /Users/eduardapolicarpo/Documents/Doutorado/Artigos/Artigo MnBi2Te4 Doutorado/medidas/STM UHV/todas as medidas exportadas/06-Feb-2025
2025-12-17 10:48:44,413 - src.backend.worker - INFO - Task queued: Load 06-Feb-2025
2025-12-17 10:48:44,413 - src.backend.worker - INFO - Executing task: Load 06-Feb-2025
2025-12-17 10:48:44,415 - src.backend.app_backend - INFO - Worker started: Load 06-Feb-2025
2025-12-17 10:48:44,443 - src.data_loaders.omicron_mtrx_loader - INFO - Loading 45 matrix files from /Users/eduardapolicarpo/Documents/Doutorado/Artigos/Artigo MnBi2Te4 Doutorado/medidas/STM UHV/todas as medidas exportadas/06-Feb-2025
2025-12-17 10:48:44,443 - src.data_loaders.omicron_mtrx_loader - INFO - File types found: ['I(V)']
2025-12-17 10:48:46,843 - src.data_loaders.omicron_mtrx_loader - WARNING - Odd number of points (17), truncating last point
2025-12-17 10:48:47,769 - src.data_loaders.omicron_mtrx_loader - WARNING - Odd number of points (317), truncating last point
2025-12-17 10:48:49,622 - src.data_loaders.omicron_mtrx_loader - WARNING - Odd number of points (221), truncating last point
2025-12-17 10:48:50,555 - src.data_loaders.omicron_mtrx_loader - WARNING - Odd number of points (553), truncating last point
2025-12-17 10:48:55,549 - src.data_loaders.omicron_mtrx_loader - WARNING - Odd number of points (461), truncating last point
2025-12-17 10:48:55,597 - src.data_loaders.omicron_mtrx_loader - WARNING - Odd number of points (237), truncating last point
2025-12-17 10:48:55,999 - src.data_loaders.omicron_mtrx_loader - INFO - Main channel: I(V) with 300 points, 21 spectra
2025-12-17 10:48:56,000 - src.data_loaders.omicron_mtrx_loader - INFO - Each spectrum has Forward, Backward, and Mixed channels
2025-12-17 10:48:56,006 - src.data_loaders.omicron_mtrx_loader - INFO - Additional channel group: I(V)_500pts with 10 spectra
2025-12-17 10:48:56,007 - src.data_loaders.omicron_mtrx_loader - INFO - Additional channel group: I(V)_194pts with 1 spectra
2025-12-17 10:48:56,008 - src.data_loaders.omicron_mtrx_loader - INFO - Additional channel group: I(V)_8pts with 1 spectra
2025-12-17 10:48:56,010 - src.data_loaders.omicron_mtrx_loader - INFO - Additional channel group: I(V)_158pts with 1 spectra
2025-12-17 10:48:56,013 - src.data_loaders.omicron_mtrx_loader - INFO - Additional channel group: I(V)_9pts with 1 spectra
2025-12-17 10:48:56,015 - src.data_loaders.omicron_mtrx_loader - INFO - Additional channel group: I(V)_110pts with 1 spectra
2025-12-17 10:48:56,016 - src.data_loaders.omicron_mtrx_loader - INFO - Additional channel group: I(V)_1000pts with 1 spectra
2025-12-17 10:48:56,018 - src.data_loaders.omicron_mtrx_loader - INFO - Additional channel group: I(V)_276pts with 1 spectra
2025-12-17 10:48:56,019 - src.data_loaders.omicron_mtrx_loader - INFO - Additional channel group: I(V)_230pts with 1 spectra
2025-12-17 10:48:56,023 - src.data_loaders.omicron_mtrx_loader - INFO - Additional channel group: I(V)_26pts with 1 spectra
2025-12-17 10:48:56,025 - src.data_loaders.omicron_mtrx_loader - INFO - Additional channel group: I(V)_118pts with 1 spectra
2025-12-17 10:48:56,026 - src.data_loaders.omicron_mtrx_loader - INFO - Additional channel group: I(V)_63pts with 1 spectra
2025-12-17 10:48:56,028 - src.data_loaders.omicron_mtrx_loader - INFO - Additional channel group: I(V)_516pts with 1 spectra
2025-12-17 10:48:56,030 - src.data_loaders.omicron_mtrx_loader - INFO - Additional channel group: I(V)_200pts with 1 spectra
2025-12-17 10:48:56,031 - src.data_loaders.omicron_mtrx_loader - INFO - Additional channel group: I(V)_30pts with 1 spectra
2025-12-17 10:48:56,031 - src.data_loaders.omicron_mtrx_loader - WARNING - Found 16 different spectrum lengths. Main channel uses 300 points. Other groups stored as additional channels.
2025-12-17 10:48:56,032 - src.data_loaders.omicron_mtrx_loader - INFO - Successfully loaded STS data with Forward/Backward/Mixed channels: SpectralData(type='omicron_matrix_sts', dimensions=(21, 1), spectra=21, points=300)
2025-12-17 10:48:56,033 - src.backend.app_backend - INFO - Loaded Omicron I(V) Forward dataset: 06-Feb-2025_IV_Forward
2025-12-17 10:48:56,033 - src.backend.app_backend - INFO - Loaded Omicron I(V) Backward dataset: 06-Feb-2025_IV_Backward
2025-12-17 10:48:56,033 - src.backend.app_backend - INFO - Loaded Omicron I(V) Mixed dataset: 06-Feb-2025_IV_Mixed
2025-12-17 10:48:56,033 - src.backend.worker - INFO - Task completed: Load 06-Feb-2025
2025-12-17 10:48:56,034 - src.backend.app_backend - INFO - Worker completed: Load 06-Feb-2025
2025-12-17 10:48:56,040 - src.backend.map_editor_backend - INFO - Linked dataset '06-Feb-2025_IV_Backward' with 21 spectra
2025-12-17 10:48:56,041 - src.backend.map_editor_backend - INFO - Linked dataset '06-Feb-2025_IV_Forward' with 21 spectra
2025-12-17 10:48:56,041 - src.backend.map_editor_backend - INFO - Linked dataset '06-Feb-2025_IV_Mixed' with 21 spectra
2025-12-17 10:48:56,043 - src.backend.app_backend - INFO - Folder loading complete: 3 datasets
2025-12-17 10:50:05,368 - src.backend.workflow_manager - ERROR - Error loading workflow: Expecting value: line 450 column 24 (char 11357)
2025-12-17 10:50:14,474 - src.backend.workflow_manager - INFO - Created workflow: New Workflow (ID: 6469ef17)
2025-12-17 10:50:36,062 - src.backend.workflow_manager - INFO - Added node Spatial Average to workflow New Workflow
2025-12-17 10:50:42,654 - src.backend.workflow_manager - INFO - Added node Flat Data to workflow New Workflow
2025-12-17 10:50:49,659 - src.backend.workflow_manager - INFO - Removed node 7753c880 from workflow New Workflow
2025-12-17 10:50:52,703 - src.backend.workflow_manager - INFO - Removed node cea654d5 from workflow New Workflow
2025-12-17 10:51:04,075 - src.backend.workflow_manager - INFO - Added node Dataset to workflow New Workflow
2025-12-17 10:51:10,973 - src.backend.workflow_manager - INFO - Added node Truncate to workflow New Workflow
2025-12-17 10:51:13,329 - src.backend.workflow_manager - INFO - Added node Derivative to workflow New Workflow
2025-12-17 10:51:15,437 - src.backend.workflow_manager - INFO - Added node Baseline to workflow New Workflow
2025-12-17 10:51:22,177 - src.backend.workflow_manager - INFO - Added node Integration to workflow New Workflow
2025-12-17 10:51:34,904 - src.backend.workflow_manager - INFO - Removed node da8caf84 from workflow New Workflow
2025-12-17 10:51:38,106 - src.backend.workflow_manager - INFO - Added connection in workflow New Workflow
2025-12-17 10:51:42,653 - src.backend.workflow_manager - INFO - Added connection in workflow New Workflow
2025-12-17 10:51:46,063 - src.backend.workflow_manager - INFO - Added connection in workflow New Workflow
2025-12-17 10:51:50,564 - src.backend.workflow_manager - INFO - Added connection in workflow New Workflow
2025-12-17 10:51:58,003 - src.backend.workflow_manager - INFO - Added node Peak Finder to workflow New Workflow
2025-12-17 10:52:00,685 - src.backend.workflow_manager - INFO - Added connection in workflow New Workflow
2025-12-17 10:52:03,060 - src.backend.workflow_manager - INFO - Added connection in workflow New Workflow
2025-12-17 10:52:12,914 - src.backend.workflow_manager - INFO - Added node Dataset to workflow New Workflow
2025-12-17 10:52:22,759 - src.backend.workflow_manager - INFO - Added node Dataset to workflow New Workflow
2025-12-17 10:52:27,180 - src.backend.workflow_manager - INFO - Added node Smoothing to workflow New Workflow
2025-12-17 10:52:29,609 - src.backend.workflow_manager - INFO - Added connection in workflow New Workflow
2025-12-17 10:52:31,871 - src.backend.workflow_manager - INFO - Added connection in workflow New Workflow
2025-12-17 10:52:34,780 - src.backend.workflow_manager - INFO - Added connection in workflow New Workflow
2025-12-17 10:52:37,888 - src.backend.workflow_manager - INFO - Added node Flat Data to workflow New Workflow
2025-12-17 10:52:51,238 - src.backend.workflow_manager - INFO - Added connection in workflow New Workflow
2025-12-17 10:53:27,273 - src.backend.workflow_manager - INFO - Removed node b7ebd18e from workflow New Workflow
2025-12-17 10:53:31,334 - src.backend.workflow_manager - INFO - Removed node 7f496990 from workflow New Workflow
2025-12-17 10:53:34,105 - src.backend.workflow_manager - INFO - Removed node 1a03361e from workflow New Workflow
2025-12-17 10:53:36,921 - src.backend.workflow_manager - INFO - Removed node 8c323434 from workflow New Workflow
2025-12-17 10:53:55,800 - src.backend.workflow_manager - INFO - Executing workflow 'New Workflow' with 5 nodes
2025-12-17 10:53:55,802 - src.backend.workflow_manager - INFO - Node 'Dataset' executed successfully
2025-12-17 10:53:55,803 - src.backend.tool_implementations - INFO - Calculating 1-order derivative of _wf_06-Feb-2025_IV_Mixed_derivative_187b34
2025-12-17 10:53:55,803 - src.backend.tool_implementations - INFO - Dataset shape: (300, 22), columns: ['V', 'Point_1', 'Point_2', 'Point_3', 'Point_4']...
2025-12-17 10:53:55,804 - src.backend.tool_implementations - INFO - Independent var length: 300, spectra shape: (300, 21)
2025-12-17 10:53:55,810 - src.backend.app_backend - INFO - Created output directory: /Users/eduardapolicarpo/Documents/TRANS_QML_Projects/n/n_outputs/derivatives
2025-12-17 10:53:55,849 - src.backend.map_editor_backend - INFO - Linked dataset '06-Feb-2025 IV Mixed - 1st Derivative' with 21 spectra
2025-12-17 10:53:55,849 - src.backend.map_editor_backend - INFO - Linked dataset '06-Feb-2025_IV_Backward' with 21 spectra
2025-12-17 10:53:55,850 - src.backend.map_editor_backend - INFO - Linked dataset '06-Feb-2025_IV_Forward' with 21 spectra
2025-12-17 10:53:55,851 - src.backend.map_editor_backend - INFO - Linked dataset '06-Feb-2025_IV_Mixed' with 21 spectra
2025-12-17 10:53:55,851 - src.backend.map_editor_backend - INFO - Linked dataset '_wf_06-Feb-2025_IV_Mixed_derivative_187b34' with 21 spectra
2025-12-17 10:53:55,854 - src.backend.tool_implementations - INFO - Derivative saved to /Users/eduardapolicarpo/Documents/TRANS_QML_Projects/n/n_outputs/derivatives/06-Feb-2025_IV_Mixed_1st_derivative.csv
2025-12-17 10:53:55,855 - src.backend.workflow_manager - INFO - Node 'Derivative' executed successfully
2025-12-17 10:53:55,855 - src.backend.tool_implementations - INFO - Smoothing _wf_06-Feb-2025_IV_Mixed_8ea45d with savgol, window=11.0
2025-12-17 10:53:55,856 - src.backend.tool_implementations - ERROR - Smoothing error: expected a sequence of integers or a single integer, got '4.0'
Traceback (most recent call last):
  File "/Users/eduardapolicarpo/Documents/Doutorado/TRANS_QML/src/backend/tool_implementations.py", line 135, in smooth_curves
    smoothed = signal.savgol_filter(spectra, window_size, poly_order, axis=0)
  File "/Users/eduardapolicarpo/.virtualenvs/trans/lib/python3.13/site-packages/scipy/signal/_savitzky_golay.py", line 341, in savgol_filter
    coeffs = savgol_coeffs(window_length, polyorder, deriv=deriv, delta=delta)
  File "/Users/eduardapolicarpo/.virtualenvs/trans/lib/python3.13/site-packages/scipy/signal/_savitzky_golay.py", line 136, in savgol_coeffs
    y = np.zeros(polyorder + 1)
TypeError: expected a sequence of integers or a single integer, got '4.0'
2025-12-17 10:53:55,867 - src.backend.workflow_manager - INFO - Node 'Smoothing' executed successfully
2025-12-17 10:53:55,869 - src.backend.map_editor_backend - INFO - Linked dataset '06-Feb-2025 IV Mixed - 1st Derivative' with 21 spectra
2025-12-17 10:53:55,901 - src.backend.map_editor_backend - INFO - Linked dataset '06-Feb-2025_IV_Backward' with 21 spectra
2025-12-17 10:53:55,902 - src.backend.map_editor_backend - INFO - Linked dataset '06-Feb-2025_IV_Forward' with 21 spectra
2025-12-17 10:53:55,902 - src.backend.map_editor_backend - INFO - Linked dataset '06-Feb-2025_IV_Mixed' with 21 spectra
2025-12-17 10:53:55,903 - src.backend.map_editor_backend - INFO - Linked dataset '06-Feb-2025_IV_Mixed_dIdV' with 21 spectra
2025-12-17 10:53:55,904 - src.backend.map_editor_backend - INFO - Linked dataset '_wf_06-Feb-2025_IV_Mixed_8ea45d' with 21 spectra
2025-12-17 10:53:55,904 - src.backend.map_editor_backend - INFO - Linked dataset '_wf_06-Feb-2025_IV_Mixed_derivative_187b34' with 21 spectra
2025-12-17 10:53:55,909 - src.backend.workflow_manager - INFO - Dataset saved as: 06-Feb-2025_IV_Mixed_dIdV
2025-12-17 10:53:55,909 - src.backend.workflow_manager - INFO - Node 'Dataset' executed successfully
2025-12-17 10:53:55,909 - src.backend.workflow_manager - INFO - Node 'Dataset' executed successfully
2025-12-17 10:54:18,712 - src.backend.app_backend - INFO - Active dataset: 06-Feb-2025 IV Mixed - 1st Derivative
2025-12-17 10:54:20,996 - src.backend.app_backend - INFO - Active dataset: 06-Feb-2025 IV Mixed - 1st Derivative
2025-12-17 10:54:21,064 - src.backend.app_backend - INFO - Opening dataset in plot and table: 06-Feb-2025 IV Mixed - 1st Derivative
2025-12-17 10:54:21,843 - src.widgets.enhanced_table_window - INFO - Loaded 300 rows, 22 columns
2025-12-17 10:54:21,871 - src.backend.app_backend - INFO - Table window created for 06-Feb-2025 IV Mixed - 1st Derivative
2025-12-17 10:54:21,871 - src.backend.app_backend - INFO - Opened dataset 06-Feb-2025 IV Mixed - 1st Derivative in plot window, table loading...
2025-12-17 10:54:33,496 - src.widgets.enhanced_table_window - INFO - Created plot from table: 6 curves
2025-12-17 10:54:54,482 - src.backend.app_backend - INFO - Active dataset: _wf_06-Feb-2025_IV_Mixed_derivative_187b34
2025-12-17 10:54:55,971 - src.backend.app_backend - INFO - Active dataset: 06-Feb-2025 IV Mixed - 1st Derivative
2025-12-17 10:54:57,049 - src.backend.app_backend - INFO - Active dataset: 06-Feb-2025 IV Mixed - 1st Derivative
2025-12-17 10:54:57,804 - src.backend.app_backend - INFO - Active dataset: _wf_06-Feb-2025_IV_Mixed_8ea45d
2025-12-17 10:54:58,805 - src.backend.app_backend - INFO - Active dataset: 06-Feb-2025_IV_Mixed_dIdV
2025-12-17 10:55:02,549 - src.backend.app_backend - INFO - Active dataset: _wf_06-Feb-2025_IV_Mixed_8ea45d
2025-12-17 10:55:10,421 - src.backend.app_backend - INFO - Active dataset: 06-Feb-2025_IV_Mixed_dIdV
2025-12-17 10:55:11,863 - src.backend.app_backend - INFO - Active dataset: _wf_06-Feb-2025_IV_Mixed_8ea45d
2025-12-17 10:55:12,415 - src.backend.app_backend - INFO - Active dataset: 06-Feb-2025 IV Mixed - 1st Derivative
2025-12-17 10:55:13,056 - src.backend.app_backend - INFO - Active dataset: _wf_06-Feb-2025_IV_Mixed_derivative_187b34
2025-12-17 10:55:46,082 - src.backend.app_backend - INFO - Table closed: table_2
2025-12-17 10:55:49,573 - src.backend.app_backend - INFO - Graph closed: graph_1
2025-12-17 10:56:03,794 - src.backend.app_backend - INFO - Active dataset: 06-Feb-2025_IV_Mixed
2025-12-17 10:56:04,435 - src.backend.app_backend - INFO - Active dataset: 06-Feb-2025_IV_Backward
2025-12-17 10:56:05,395 - src.backend.app_backend - INFO - Active dataset: 06-Feb-2025_IV_Forward
2025-12-17 10:56:06,375 - src.backend.app_backend - INFO - Active dataset: 06-Feb-2025_IV_Mixed
2025-12-17 10:56:07,396 - src.backend.app_backend - INFO - Active dataset: 06-Feb-2025_IV_Mixed
2025-12-17 10:56:07,479 - src.backend.app_backend - INFO - Opening dataset in plot and table: 06-Feb-2025_IV_Mixed
2025-12-17 10:56:08,108 - src.widgets.enhanced_table_window - INFO - Loaded 300 rows, 22 columns
2025-12-17 10:56:08,132 - src.backend.app_backend - INFO - Table window created for 06-Feb-2025_IV_Mixed
2025-12-17 10:56:08,132 - src.backend.app_backend - INFO - Opened dataset 06-Feb-2025_IV_Mixed in plot window, table loading...
2025-12-17 10:56:19,661 - src.widgets.enhanced_table_window - INFO - Created plot from table: 8 curves
2025-12-17 10:56:58,438 - src.widgets.enhanced_table_window - INFO - Created plot from table: 2 curves
2025-12-17 10:57:20,347 - src.backend.app_backend - INFO - Table closed: table_4
2025-12-17 10:57:21,942 - src.backend.app_backend - INFO - Graph closed: graph_3
2025-12-17 10:57:26,521 - src.backend.app_backend - INFO - Active dataset: 06-Feb-2025_IV_Mixed_dIdV
2025-12-17 10:57:26,573 - src.backend.app_backend - INFO - Opening dataset in plot and table: 06-Feb-2025_IV_Mixed_dIdV
2025-12-17 10:57:27,224 - src.widgets.enhanced_table_window - INFO - Loaded 300 rows, 22 columns
2025-12-17 10:57:27,254 - src.backend.app_backend - INFO - Table window created for 06-Feb-2025_IV_Mixed_dIdV
2025-12-17 10:57:27,254 - src.backend.app_backend - INFO - Opened dataset 06-Feb-2025_IV_Mixed_dIdV in plot window, table loading...
2025-12-17 10:57:40,150 - src.widgets.enhanced_table_window - INFO - Created plot from table: 2 curves
2025-12-17 11:02:28,135 - src.backend.app_backend - INFO - Closing all windows (2 open)
2025-12-17 11:02:28,141 - src.backend.app_backend - INFO - Graph closed: graph_5
2025-12-17 11:02:28,150 - src.backend.app_backend - INFO - Table closed: table_6
2025-12-17 11:02:28,155 - src.backend.app_backend - INFO - All windows closed
2025-12-17 11:02:34,152 - __main__ - INFO - === Application shutting down ===
2025-12-17 11:02:34,153 - __main__ - INFO - Closing 0 open windows...
2025-12-17 11:02:34,153 - __main__ - INFO - All windows closed
2025-12-17 11:02:34,153 - __main__ - INFO - Stopping worker thread...
2025-12-17 11:02:34,153 - src.backend.worker - INFO - PersistentWorker stop() called
2025-12-17 11:02:34,154 - src.backend.worker - INFO - PersistentWorker stop signal sent
2025-12-17 11:02:34,155 - src.backend.worker - INFO - PersistentWorker thread stopped
2025-12-17 11:02:34,157 - __main__ - INFO - Worker thread stopped
2025-12-17 11:02:34,157 - __main__ - INFO - === Cleanup complete ===
2025-12-17 11:02:34,157 - __main__ - INFO - Application event loop exited with code 0
2025-12-17 13:42:22,979 - __main__ - INFO - Starting TRANS-QML Application
2025-12-17 13:42:23,423 - __main__ - INFO - macOS application name set via NSBundle
2025-12-17 13:42:23,962 - __main__ - INFO - Application icon set: /Users/eduardapolicarpo/Documents/Doutorado/TRANS_QML/icon.png
2025-12-17 13:42:23,972 - src.backend.app_backend - INFO - Loaded 10 recent projects
2025-12-17 13:42:23,973 - src.data_loaders.nanosurf_sts_enhanced - WARNING - Could not apply NSFopen patches: type object 'read' has no attribute 'read'
2025-12-17 13:42:23,973 - src.backend.app_backend - INFO - Nanosurf loader initialized
2025-12-17 13:42:23,974 - src.backend.app_backend - INFO - NeaSpec loader initialized
2025-12-17 13:42:23,974 - src.backend.app_backend - INFO - Omicron Matrix STS loader initialized
2025-12-17 13:42:23,974 - src.backend.app_backend - INFO - Omicron Flat image loader initialized
2025-12-17 13:42:23,974 - src.backend.worker - INFO - PersistentWorker initialized
2025-12-17 13:42:23,974 - src.backend.worker - INFO - WorkerManager initialized with persistent worker
2025-12-17 13:42:23,975 - src.backend.worker - INFO - PersistentWorker thread started
2025-12-17 13:42:23,975 - src.backend.dock_manager - INFO - DockManager initialized. Config dir: /Users/eduardapolicarpo/.trans_qml
2025-12-17 13:42:23,976 - src.backend.app_backend - INFO - AppBackend initialized with all tools
2025-12-17 13:42:26,452 - __main__ - INFO - Application started successfully
2025-12-17 13:42:34,351 - src.backend.app_backend - INFO - Creating project: a at /Users/eduardapolicarpo/Documents/TRANS_QML_Projects/a
2025-12-17 13:42:34,356 - src.backend.app_backend - INFO - Saved 10 recent projects
2025-12-17 13:42:34,359 - src.backend.app_backend - INFO - Project created: a (directories will be created on first output)
2025-12-17 13:42:58,987 - src.backend.workflow_manager - INFO - Created workflow: STS Analysis (ID: e2ca9fa8)
2025-12-17 13:43:10,405 - src.backend.workflow_manager - INFO - Added node Image Smoothing to workflow STS Analysis
2025-12-17 13:43:12,092 - src.backend.workflow_manager - INFO - Updated workflow name to: STS Analysis
2025-12-17 13:43:12,096 - src.backend.workflow_manager - INFO - Saved workflow to /Users/eduardapolicarpo/Documents/TRANS_QML_Projects/a/workflows/STS Analysis.flow
2025-12-17 13:43:17,884 - src.backend.workflow_manager - INFO - Created workflow: STS Analysis (ID: 033858ac)
2025-12-17 13:47:36,258 - src.backend.workflow_manager - INFO - Created workflow: New Workflow (ID: b9a7f094)
2025-12-17 13:47:42,347 - src.backend.workflow_manager - INFO - Loaded workflow: STS Analysis
2025-12-17 13:47:51,079 - src.backend.workflow_manager - INFO - Loaded workflow: STS Analysis
2025-12-17 13:48:06,799 - src.backend.workflow_manager - ERROR - Error loading workflow: Expecting value: line 450 column 24 (char 11357)
2025-12-17 13:49:21,107 - src.backend.workflow_manager - INFO - Created workflow: New Workflow (ID: 0b840424)
2025-12-17 13:52:32,422 - src.backend.workflow_manager - INFO - Added node Image Smoothing to workflow STS Analysis
2025-12-17 13:52:33,884 - src.backend.workflow_manager - INFO - Added node Comment to workflow STS Analysis
2025-12-17 13:57:06,579 - src.backend.workflow_manager - INFO - Added node Dataset to workflow STS Analysis
2025-12-17 13:57:08,340 - src.backend.workflow_manager - INFO - Added node Gradient to workflow STS Analysis
2025-12-17 13:57:09,597 - src.backend.workflow_manager - INFO - Added node Image Smoothing to workflow STS Analysis
2025-12-17 13:57:10,885 - src.backend.workflow_manager - INFO - Added node Comment to workflow STS Analysis
2025-12-17 13:57:11,814 - src.backend.workflow_manager - INFO - Added node Peak Finder to workflow STS Analysis
2025-12-17 13:57:21,868 - src.backend.workflow_manager - INFO - Added node Dataset to workflow STS Analysis
2025-12-17 13:57:24,296 - src.backend.workflow_manager - INFO - Added node Map to workflow STS Analysis
2025-12-17 13:57:25,530 - src.backend.workflow_manager - INFO - Added node Flat Data to workflow STS Analysis
2025-12-17 13:57:28,165 - src.backend.workflow_manager - INFO - Added node Truncate to workflow STS Analysis
2025-12-17 13:57:29,436 - src.backend.workflow_manager - INFO - Added node Derivative to workflow STS Analysis
2025-12-17 13:57:30,650 - src.backend.workflow_manager - INFO - Added node Smoothing to workflow STS Analysis
2025-12-17 13:57:31,817 - src.backend.workflow_manager - INFO - Added node Baseline to workflow STS Analysis
2025-12-17 13:57:32,988 - src.backend.workflow_manager - INFO - Added node Integration to workflow STS Analysis
2025-12-17 13:57:36,125 - src.backend.workflow_manager - INFO - Added node Spatial Average to workflow STS Analysis
2025-12-17 13:57:38,444 - src.backend.workflow_manager - INFO - Added node Math Operation to workflow STS Analysis
2025-12-17 13:57:40,099 - src.backend.workflow_manager - INFO - Added node FFT to workflow STS Analysis
2025-12-17 13:57:43,882 - src.backend.workflow_manager - INFO - Added node Map Generator to workflow STS Analysis
2025-12-17 15:23:15,119 - src.backend.app_backend - INFO - Closing all windows (0 open)
2025-12-17 15:23:15,122 - src.backend.app_backend - INFO - All windows closed
2025-12-17 15:23:15,158 - __main__ - INFO - === Application shutting down ===
2025-12-17 15:23:15,158 - __main__ - INFO - Closing 0 open windows...
2025-12-17 15:23:15,158 - __main__ - INFO - All windows closed
2025-12-17 15:23:15,158 - __main__ - INFO - Stopping worker thread...
2025-12-17 15:23:15,159 - src.backend.worker - INFO - PersistentWorker stop() called
2025-12-17 15:23:15,159 - src.backend.worker - INFO - PersistentWorker stop signal sent
2025-12-17 15:23:15,159 - src.backend.worker - INFO - PersistentWorker thread stopped
2025-12-17 15:23:15,160 - __main__ - INFO - Worker thread stopped
2025-12-17 15:23:15,160 - __main__ - INFO - === Cleanup complete ===
2025-12-17 15:23:15,178 - __main__ - INFO - Application event loop exited with code 0
2025-12-17 15:23:21,768 - __main__ - INFO - Starting TRANS-QML Application
2025-12-17 15:23:22,090 - __main__ - INFO - macOS application name set via NSBundle
2025-12-17 15:23:22,576 - __main__ - INFO - Application icon set: /Users/eduardapolicarpo/Documents/Doutorado/TRANS_QML/icon.png
2025-12-17 15:23:22,582 - src.backend.app_backend - INFO - Loaded 10 recent projects
2025-12-17 15:23:22,583 - src.data_loaders.nanosurf_sts_enhanced - WARNING - Could not apply NSFopen patches: type object 'read' has no attribute 'read'
2025-12-17 15:23:22,583 - src.backend.app_backend - INFO - Nanosurf loader initialized
2025-12-17 15:23:22,583 - src.backend.app_backend - INFO - NeaSpec loader initialized
2025-12-17 15:23:22,583 - src.backend.app_backend - INFO - Omicron Matrix STS loader initialized
2025-12-17 15:23:22,583 - src.backend.app_backend - INFO - Omicron Flat image loader initialized
2025-12-17 15:23:22,583 - src.backend.worker - INFO - PersistentWorker initialized
2025-12-17 15:23:22,584 - src.backend.worker - INFO - WorkerManager initialized with persistent worker
2025-12-17 15:23:22,584 - src.backend.worker - INFO - PersistentWorker thread started
2025-12-17 15:23:22,585 - src.backend.dock_manager - INFO - DockManager initialized. Config dir: /Users/eduardapolicarpo/.trans_qml
2025-12-17 15:23:22,585 - src.backend.app_backend - INFO - AppBackend initialized with all tools
2025-12-17 15:23:23,526 - __main__ - INFO - Application started successfully
2025-12-17 15:24:24,851 - src.backend.app_backend - INFO - Creating project: gg at /Users/eduardapolicarpo/Documents/TRANS_QML_Projects/gg
2025-12-17 15:24:24,870 - src.backend.app_backend - INFO - Saved 10 recent projects
2025-12-17 15:24:24,874 - src.backend.app_backend - INFO - Project created: gg (directories will be created on first output)
2025-12-17 15:24:41,544 - src.backend.workflow_manager - INFO - Loaded workflow: COMPLETE STS
2025-12-17 15:26:02,869 - src.backend.workflow_manager - INFO - Created workflow: New Workflow (ID: 8b4bc23f)
2025-12-17 15:26:04,641 - src.backend.workflow_manager - INFO - Added node Map Plane Level to workflow New Workflow
2025-12-17 15:26:06,251 - src.backend.workflow_manager - INFO - Added node Map Gaussian Filter to workflow New Workflow
2025-12-17 15:26:08,719 - src.backend.workflow_manager - INFO - Added node Map Polynomial BG Removal to workflow New Workflow
2025-12-17 15:26:38,675 - src.backend.workflow_manager - INFO - Added connection in workflow New Workflow
2025-12-17 15:26:41,507 - src.backend.workflow_manager - INFO - Added connection in workflow New Workflow
2025-12-17 15:27:06,387 - src.backend.workflow_manager - INFO - Added node Dataset to workflow New Workflow
2025-12-17 15:27:57,294 - src.backend.workflow_manager - INFO - Updated workflow name to: test workflow
2025-12-17 15:27:57,298 - src.backend.workflow_manager - INFO - Saved workflow to /Users/eduardapolicarpo/Documents/TRANS_QML_Projects/gg/workflows/test workflow.flow
2025-12-17 15:28:08,938 - src.backend.workflow_manager - INFO - Loaded workflow: test workflow
2025-12-17 15:29:08,432 - src.backend.app_backend - INFO - Naming convention set to: [date]_[index]_[dataset_name]
2025-12-17 15:29:08,434 - src.backend.app_backend - INFO - Naming index start set to: 1
2025-12-17 15:29:59,859 - src.backend.app_backend - INFO - Closing all windows (0 open)
2025-12-17 15:29:59,861 - src.backend.app_backend - INFO - All windows closed
2025-12-17 15:34:12,073 - __main__ - INFO - === Application shutting down ===
2025-12-17 15:34:12,075 - __main__ - INFO - Closing 0 open windows...
2025-12-17 15:34:12,075 - __main__ - INFO - All windows closed
2025-12-17 15:34:12,075 - __main__ - INFO - Stopping worker thread...
2025-12-17 15:34:12,075 - src.backend.worker - INFO - PersistentWorker stop() called
2025-12-17 15:34:12,076 - src.backend.worker - INFO - PersistentWorker stop signal sent
2025-12-17 15:34:12,076 - src.backend.worker - INFO - PersistentWorker thread stopped
2025-12-17 15:34:12,077 - __main__ - INFO - Worker thread stopped
2025-12-17 15:34:12,077 - __main__ - INFO - === Cleanup complete ===
2025-12-17 15:34:12,078 - __main__ - INFO - Application event loop exited with code 0
2025-12-17 15:34:20,699 - __main__ - INFO - Starting TRANS-QML Application
2025-12-17 15:34:20,879 - __main__ - INFO - macOS application name set via NSBundle
2025-12-17 15:34:21,286 - __main__ - INFO - Application icon set: /Users/eduardapolicarpo/Documents/Doutorado/TRANS_QML/icon.png
2025-12-17 15:34:21,294 - src.backend.app_backend - INFO - Loaded 10 recent projects
2025-12-17 15:34:21,294 - src.data_loaders.nanosurf_sts_enhanced - WARNING - Could not apply NSFopen patches: type object 'read' has no attribute 'read'
2025-12-17 15:34:21,294 - src.backend.app_backend - INFO - Nanosurf loader initialized
2025-12-17 15:34:21,295 - src.backend.app_backend - INFO - NeaSpec loader initialized
2025-12-17 15:34:21,295 - src.backend.app_backend - INFO - Omicron Matrix STS loader initialized
2025-12-17 15:34:21,295 - src.backend.app_backend - INFO - Omicron Flat image loader initialized
2025-12-17 15:34:21,295 - src.backend.worker - INFO - PersistentWorker initialized
2025-12-17 15:34:21,295 - src.backend.worker - INFO - WorkerManager initialized with persistent worker
2025-12-17 15:34:21,297 - src.backend.dock_manager - INFO - DockManager initialized. Config dir: /Users/eduardapolicarpo/.trans_qml
2025-12-17 15:34:21,297 - src.backend.app_backend - INFO - AppBackend initialized with all tools
2025-12-17 15:34:21,295 - src.backend.worker - INFO - PersistentWorker thread started
2025-12-17 15:34:22,890 - __main__ - INFO - Application started successfully
2025-12-17 15:34:38,720 - src.backend.app_backend - INFO - Creating project: aaa at /Users/eduardapolicarpo/Documents/TRANS_QML_Projects/aaa
2025-12-17 15:34:38,725 - src.backend.app_backend - INFO - Saved 10 recent projects
2025-12-17 15:34:38,728 - src.backend.app_backend - INFO - Project created: aaa (directories will be created on first output)
2025-12-17 15:34:47,853 - src.backend.workflow_manager - INFO - Created workflow: New Workflow (ID: ad022cda)
2025-12-17 15:36:32,971 - src.backend.workflow_manager - INFO - Created workflow: New Workflow (ID: ff473daf)
2025-12-17 15:38:25,792 - src.backend.workflow_manager - INFO - Created workflow: New Workflow (ID: 723ddf37)
2025-12-17 15:50:30,405 - src.backend.workflow_manager - INFO - Created workflow: New Workflow (ID: c72879f7)
2025-12-17 15:50:33,344 - src.backend.workflow_manager - INFO - Added node Gradient to workflow New Workflow
2025-12-17 15:55:10,036 - src.backend.workflow_manager - INFO - Added node Spatial Average to workflow New Workflow
2025-12-17 15:55:13,797 - src.backend.workflow_manager - INFO - Added node Map Generator to workflow New Workflow
2025-12-17 16:10:33,662 - __main__ - INFO - === Application shutting down ===
2025-12-17 16:10:33,663 - __main__ - INFO - Closing 0 open windows...
2025-12-17 16:10:33,663 - __main__ - INFO - All windows closed
2025-12-17 16:10:33,663 - __main__ - INFO - Stopping worker thread...
2025-12-17 16:10:33,664 - src.backend.worker - INFO - PersistentWorker stop() called
2025-12-17 16:10:33,664 - src.backend.worker - INFO - PersistentWorker stop signal sent
2025-12-17 16:10:33,664 - src.backend.worker - INFO - PersistentWorker thread stopped
2025-12-17 16:10:33,665 - __main__ - INFO - Worker thread stopped
2025-12-17 16:10:33,665 - __main__ - INFO - === Cleanup complete ===
2025-12-17 16:10:33,667 - __main__ - INFO - Application event loop exited with code 0
2025-12-17 16:11:52,523 - __main__ - INFO - Starting TRANS-QML Application
2025-12-17 16:11:52,799 - __main__ - INFO - macOS application name set via NSBundle
2025-12-17 16:11:53,462 - __main__ - INFO - Application icon set: /Users/eduardapolicarpo/Documents/Doutorado/TRANS_QML/icon.png
2025-12-17 16:11:53,494 - src.backend.app_backend - INFO - Loaded 10 recent projects
2025-12-17 16:11:53,495 - src.data_loaders.nanosurf_sts_enhanced - WARNING - Could not apply NSFopen patches: type object 'read' has no attribute 'read'
2025-12-17 16:11:53,496 - src.backend.app_backend - INFO - Nanosurf loader initialized
2025-12-17 16:11:53,496 - src.backend.app_backend - INFO - NeaSpec loader initialized
2025-12-17 16:11:53,496 - src.backend.app_backend - INFO - Omicron Matrix STS loader initialized
2025-12-17 16:11:53,496 - src.backend.app_backend - INFO - Omicron Flat image loader initialized
2025-12-17 16:11:53,497 - src.backend.worker - INFO - PersistentWorker initialized
2025-12-17 16:11:53,498 - src.backend.worker - INFO - WorkerManager initialized with persistent worker
2025-12-17 16:11:53,498 - src.backend.dock_manager - INFO - DockManager initialized. Config dir: /Users/eduardapolicarpo/.trans_qml
2025-12-17 16:11:53,499 - src.backend.app_backend - INFO - AppBackend initialized with all tools
2025-12-17 16:11:53,500 - src.backend.worker - INFO - PersistentWorker thread started
2025-12-17 16:11:55,244 - __main__ - INFO - Application started successfully
2025-12-17 16:19:18,194 - src.backend.app_backend - INFO - Creating project: aaa at /Users/eduardapolicarpo/Documents/TRANS_QML_Projects/aaa
2025-12-17 16:19:18,214 - src.backend.app_backend - INFO - Saved 10 recent projects
2025-12-17 16:19:18,224 - src.backend.app_backend - INFO - Project created: aaa (directories will be created on first output)
2025-12-17 16:26:41,642 - src.backend.workflow_manager - INFO - Created workflow: New Workflow (ID: 91d8c7aa)
2025-12-17 16:28:13,760 - src.backend.workflow_manager - INFO - Added node Dataset to workflow New Workflow
2025-12-17 16:28:20,216 - src.backend.workflow_manager - INFO - Added node Truncate to workflow New Workflow
2025-12-17 16:28:31,171 - src.backend.workflow_manager - INFO - Added node Derivative to workflow New Workflow
2025-12-17 16:28:36,389 - src.backend.workflow_manager - INFO - Added node Smoothing to workflow New Workflow
2025-12-17 16:28:40,179 - src.backend.workflow_manager - INFO - Added node Dataset to workflow New Workflow
2025-12-17 16:29:02,131 - src.backend.workflow_manager - INFO - Added node Baseline to workflow New Workflow
2025-12-17 16:29:13,508 - src.backend.workflow_manager - INFO - Added node Peak Finder to workflow New Workflow
2025-12-17 16:29:39,439 - src.backend.workflow_manager - INFO - Added node Integration to workflow New Workflow
2025-12-17 16:30:07,842 - src.backend.workflow_manager - INFO - Added node Dataset to workflow New Workflow
2025-12-17 16:30:38,151 - src.backend.workflow_manager - INFO - Added connection in workflow New Workflow
2025-12-17 16:30:42,532 - src.backend.workflow_manager - INFO - Added connection in workflow New Workflow
2025-12-17 16:30:45,087 - src.backend.workflow_manager - INFO - Added connection in workflow New Workflow
2025-12-17 16:30:47,725 - src.backend.workflow_manager - INFO - Added connection in workflow New Workflow
2025-12-17 16:30:51,011 - src.backend.workflow_manager - INFO - Added connection in workflow New Workflow
2025-12-17 16:30:54,042 - src.backend.workflow_manager - INFO - Added connection in workflow New Workflow
2025-12-17 16:30:56,770 - src.backend.workflow_manager - INFO - Added connection in workflow New Workflow
2025-12-17 16:30:59,263 - src.backend.workflow_manager - INFO - Added connection in workflow New Workflow
2025-12-17 16:31:01,860 - src.backend.workflow_manager - INFO - Added connection in workflow New Workflow
2025-12-17 16:31:23,716 - src.backend.workflow_manager - INFO - Added node Map Generator to workflow New Workflow
2025-12-17 16:31:27,713 - src.backend.workflow_manager - INFO - Added connection in workflow New Workflow
2025-12-17 16:31:33,971 - src.backend.workflow_manager - INFO - Added node Map to workflow New Workflow
2025-12-17 16:31:35,988 - src.backend.workflow_manager - INFO - Added connection in workflow New Workflow
2025-12-17 16:32:30,471 - src.backend.workflow_manager - INFO - Removed node 5418fbc2 from workflow New Workflow
2025-12-17 16:32:32,890 - src.backend.workflow_manager - INFO - Added node Map Gaussian Filter to workflow New Workflow
2025-12-17 16:32:36,084 - src.backend.workflow_manager - INFO - Added connection in workflow New Workflow
2025-12-17 16:32:46,550 - src.backend.workflow_manager - INFO - Added node Map to workflow New Workflow
2025-12-17 16:32:48,354 - src.backend.workflow_manager - INFO - Added node Map to workflow New Workflow
2025-12-17 16:32:51,069 - src.backend.workflow_manager - INFO - Added connection in workflow New Workflow
2025-12-17 16:37:51,535 - src.backend.app_backend - INFO - Importing folder: /Users/eduardapolicarpo/Documents/Doutorado/TRANS_beta/data/STS_hyperspec_MnBi2Te4_1
2025-12-17 16:37:51,537 - src.backend.app_backend - INFO - Importing folder: /Users/eduardapolicarpo/Documents/Doutorado/TRANS_beta/data/STS_hyperspec_MnBi2Te4_1
2025-12-17 16:37:51,538 - src.backend.worker - INFO - Task queued: Load STS_hyperspec_MnBi2Te4_1
2025-12-17 16:37:51,539 - src.backend.worker - INFO - Executing task: Load STS_hyperspec_MnBi2Te4_1
2025-12-17 16:37:51,542 - src.backend.app_backend - INFO - Worker started: Load STS_hyperspec_MnBi2Te4_1
2025-12-17 16:37:53,598 - src.data_loaders.base_loader - INFO - Found 10000 files matching pattern '*' in /Users/eduardapolicarpo/Documents/Doutorado/TRANS_beta/data/STS_hyperspec_MnBi2Te4_1
2025-12-17 16:37:53,620 - src.data_loaders.nanosurf_sts_enhanced - INFO - Loading 10000 .nid files from /Users/eduardapolicarpo/Documents/Doutorado/TRANS_beta/data/STS_hyperspec_MnBi2Te4_1
2025-12-17 16:37:54,200 - src.data_loaders.nanosurf_sts_enhanced - INFO - Extracted dimensions from Map0: 100 x 100
2025-12-17 16:37:54,244 - src.data_loaders.nanosurf_sts_enhanced - INFO - Grid dimensions: (100, 100)
2025-12-17 16:37:54,264 - src.data_loaders.nanosurf_sts_enhanced - INFO - Voltage range: [-1.000, 1.044] V (512 points)
2025-12-17 16:37:54,284 - src.data_loaders.nanosurf_sts_enhanced - INFO - Extracted topography with dimensions (128, 128)
2025-12-17 16:40:51,587 - src.backend.app_backend - INFO - Naming convention set to: [date]_[index]_[dataset_name]
2025-12-17 16:40:51,598 - src.backend.app_backend - INFO - Naming index start set to: 1
2025-12-17 16:41:29,158 - src.backend.workflow_manager - INFO - Removed node 8a892ab0 from workflow New Workflow
2025-12-17 16:41:33,444 - src.backend.workflow_manager - INFO - Removed node 910f0c53 from workflow New Workflow
2025-12-17 16:53:23,590 - src.backend.app_backend - INFO - Importing folder: /Users/eduardapolicarpo/Documents/Doutorado/TRANS_beta/data/STS_hyperspec_MnBi2Te4_1
2025-12-17 16:53:23,635 - src.backend.app_backend - INFO - Importing folder: /Users/eduardapolicarpo/Documents/Doutorado/TRANS_beta/data/STS_hyperspec_MnBi2Te4_1
2025-12-17 16:53:23,638 - src.backend.worker - INFO - Task queued: Load STS_hyperspec_MnBi2Te4_1
2025-12-17 16:56:31,785 - src.backend.app_backend - INFO - Closing all windows (0 open)
2025-12-17 16:56:31,788 - src.backend.app_backend - INFO - All windows closed
2025-12-17 16:56:31,873 - __main__ - INFO - === Application shutting down ===
2025-12-17 16:56:31,876 - __main__ - INFO - Closing 0 open windows...
2025-12-17 16:56:31,877 - __main__ - INFO - All windows closed
2025-12-17 16:56:31,878 - __main__ - INFO - Stopping worker thread...
2025-12-17 16:56:31,880 - src.backend.worker - INFO - PersistentWorker stop() called
2025-12-17 16:56:31,880 - src.backend.worker - INFO - PersistentWorker stop signal sent
2025-12-17 16:56:34,882 - __main__ - WARNING - Worker thread did not stop gracefully, terminating...
2025-12-17 16:56:34,883 - __main__ - INFO - Worker thread stopped
2025-12-17 16:56:34,883 - __main__ - INFO - === Cleanup complete ===
2025-12-17 16:56:34,886 - __main__ - INFO - Application event loop exited with code 0
2025-12-17 16:56:51,267 - __main__ - INFO - Starting TRANS-QML Application
2025-12-17 16:56:51,761 - __main__ - INFO - macOS application name set via NSBundle
2025-12-17 16:56:52,777 - __main__ - INFO - Application icon set: /Users/eduardapolicarpo/Documents/Doutorado/TRANS_QML/icon.png
2025-12-17 16:56:52,797 - src.backend.app_backend - INFO - Loaded 10 recent projects
2025-12-17 16:56:52,799 - src.data_loaders.nanosurf_sts_enhanced - WARNING - Could not apply NSFopen patches: type object 'read' has no attribute 'read'
2025-12-17 16:56:52,799 - src.backend.app_backend - INFO - Nanosurf loader initialized
2025-12-17 16:56:52,800 - src.backend.app_backend - INFO - NeaSpec loader initialized
2025-12-17 16:56:52,801 - src.backend.app_backend - INFO - Omicron Matrix STS loader initialized
2025-12-17 16:56:52,801 - src.backend.app_backend - INFO - Omicron Flat image loader initialized
2025-12-17 16:56:52,801 - src.backend.worker - INFO - PersistentWorker initialized
2025-12-17 16:56:52,802 - src.backend.worker - INFO - WorkerManager initialized with persistent worker
2025-12-17 16:56:52,803 - src.backend.dock_manager - INFO - DockManager initialized. Config dir: /Users/eduardapolicarpo/.trans_qml
2025-12-17 16:56:52,804 - src.backend.app_backend - INFO - AppBackend initialized with all tools
2025-12-17 16:56:52,806 - src.backend.worker - INFO - PersistentWorker thread started
2025-12-17 16:56:55,330 - __main__ - INFO - Application started successfully
2025-12-17 16:57:00,351 - src.backend.app_backend - INFO - Creating project: a at /Users/eduardapolicarpo/Documents/TRANS_QML_Projects/a
2025-12-17 16:57:00,360 - src.backend.app_backend - INFO - Saved 10 recent projects
2025-12-17 16:57:00,363 - src.backend.app_backend - INFO - Project created: a (directories will be created on first output)
2025-12-17 16:57:24,679 - src.backend.app_backend - INFO - Importing folder: /Users/eduardapolicarpo/Documents/Doutorado/TRANS_beta/data/STS_hyperspec_MnBi2Te4_1
2025-12-17 16:57:24,681 - src.backend.app_backend - INFO - Importing folder: /Users/eduardapolicarpo/Documents/Doutorado/TRANS_beta/data/STS_hyperspec_MnBi2Te4_1
2025-12-17 16:57:24,681 - src.backend.worker - INFO - Task queued: Load STS_hyperspec_MnBi2Te4_1
2025-12-17 16:57:24,683 - src.backend.worker - INFO - Executing task: Load STS_hyperspec_MnBi2Te4_1
2025-12-17 16:57:24,684 - src.backend.app_backend - INFO - Worker started: Load STS_hyperspec_MnBi2Te4_1
2025-12-17 16:57:26,514 - src.data_loaders.base_loader - INFO - Found 10000 files matching pattern '*' in /Users/eduardapolicarpo/Documents/Doutorado/TRANS_beta/data/STS_hyperspec_MnBi2Te4_1
2025-12-17 16:57:26,540 - src.data_loaders.nanosurf_sts_enhanced - INFO - Loading 10000 .nid files from /Users/eduardapolicarpo/Documents/Doutorado/TRANS_beta/data/STS_hyperspec_MnBi2Te4_1
2025-12-17 16:57:26,683 - src.data_loaders.nanosurf_sts_enhanced - INFO - Extracted dimensions from Map0: 100 x 100
2025-12-17 16:57:26,728 - src.data_loaders.nanosurf_sts_enhanced - INFO - Grid dimensions: (100, 100)
2025-12-17 16:57:26,738 - src.data_loaders.nanosurf_sts_enhanced - INFO - Voltage range: [-1.000, 1.044] V (512 points)
2025-12-17 16:57:26,748 - src.data_loaders.nanosurf_sts_enhanced - INFO - Extracted topography with dimensions (128, 128)
2025-12-17 16:57:58,172 - src.backend.workflow_manager - INFO - Created workflow: New Workflow (ID: 6bbe2a41)
2025-12-17 16:58:10,858 - src.backend.workflow_manager - INFO - Added node Map to workflow New Workflow
2025-12-17 16:58:16,410 - src.backend.workflow_manager - INFO - Removed node d836865b from workflow New Workflow
2025-12-17 17:03:29,911 - src.backend.app_backend - INFO - Closing all windows (0 open)
2025-12-17 17:03:29,922 - src.backend.app_backend - INFO - All windows closed
2025-12-17 17:03:29,989 - __main__ - INFO - === Application shutting down ===
2025-12-17 17:03:29,989 - __main__ - INFO - Closing 0 open windows...
2025-12-17 17:03:29,989 - __main__ - INFO - All windows closed
2025-12-17 17:03:29,990 - __main__ - INFO - Stopping worker thread...
2025-12-17 17:03:29,990 - src.backend.worker - INFO - PersistentWorker stop() called
2025-12-17 17:03:29,990 - src.backend.worker - INFO - PersistentWorker stop signal sent
2025-12-17 17:03:32,994 - __main__ - WARNING - Worker thread did not stop gracefully, terminating...
2025-12-17 17:03:33,085 - __main__ - INFO - Worker thread stopped
2025-12-17 17:03:33,086 - __main__ - INFO - === Cleanup complete ===
2025-12-17 17:03:33,087 - __main__ - INFO - Application event loop exited with code 0
2025-12-17 18:07:18,396 - __main__ - INFO - Starting TRANS-QML Application
2025-12-17 18:07:18,685 - __main__ - INFO - macOS application name set via NSBundle
2025-12-17 18:07:19,503 - __main__ - INFO - Application icon set: /Users/eduardapolicarpo/Documents/Doutorado/TRANS_QML/icon.png
2025-12-17 18:07:19,561 - src.backend.app_backend - INFO - Loaded 10 recent projects
2025-12-17 18:07:19,562 - src.data_loaders.nanosurf_sts_enhanced - WARNING - Could not apply NSFopen patches: type object 'read' has no attribute 'read'
2025-12-17 18:07:19,562 - src.backend.app_backend - INFO - Nanosurf loader initialized
2025-12-17 18:07:19,562 - src.backend.app_backend - INFO - NeaSpec loader initialized
2025-12-17 18:07:19,562 - src.backend.app_backend - INFO - Omicron Matrix STS loader initialized
2025-12-17 18:07:19,562 - src.backend.app_backend - INFO - Omicron Flat image loader initialized
2025-12-17 18:07:19,569 - src.backend.worker - INFO - PersistentWorker initialized
2025-12-17 18:07:19,570 - src.backend.worker - INFO - WorkerManager initialized with persistent worker
2025-12-17 18:07:19,570 - src.backend.worker - INFO - PersistentWorker thread started
2025-12-17 18:07:19,571 - src.backend.dock_manager - INFO - DockManager initialized. Config dir: /Users/eduardapolicarpo/.trans_qml
2025-12-17 18:07:19,571 - src.backend.app_backend - INFO - AppBackend initialized with all tools
2025-12-17 18:07:21,027 - __main__ - INFO - Application started successfully
2025-12-17 18:11:21,148 - src.backend.project_manager - INFO - Loading project from /Users/eduardapolicarpo/Documents/Doutorado/TRANS_QML/MnBi2Te4  STS adv test.hrt
2025-12-17 18:11:38,313 - src.backend.project_manager - INFO - Loading project format version: 2.0
2025-12-17 18:11:57,118 - src.backend.project_manager - INFO - Project loaded successfully: /Users/eduardapolicarpo/Documents/Doutorado/TRANS_QML/MnBi2Te4  STS adv test.hrt
2025-12-17 18:11:57,562 - src.backend.app_backend - INFO - Opening project from file: MnBi2Te4 STS at /Users/eduardapolicarpo/Documents/Doutorado/TRANS_QML
2025-12-17 18:11:57,575 - src.backend.app_backend - INFO - Using legacy outputs folder: /Users/eduardapolicarpo/Documents/Doutorado/TRANS_QML/outputs
2025-12-17 18:11:57,576 - src.backend.app_backend - INFO - Loaded dataset: STS_hyperspec_MnBi2Te4_1_Forward
2025-12-17 18:11:57,576 - src.backend.app_backend - INFO - Loaded dataset: STS_hyperspec_MnBi2Te4_1_Backward
2025-12-17 18:11:57,576 - src.backend.app_backend - INFO - Loaded dataset: STS_hyperspec_MnBi2Te4_1_Mixed
2025-12-17 18:11:57,577 - src.backend.app_backend - INFO - Loaded dataset: _wf_STS_hyperspec_MnBi2Te4_1_Mixed_153188
2025-12-17 18:11:57,577 - src.backend.app_backend - INFO - Loaded dataset: Truncated__wf_STS_hyperspec_MnBi2Te4_1_Mixed_153188
2025-12-17 18:11:57,577 - src.backend.app_backend - INFO - Loaded dataset: STS hyperspec MnBi2Te4 1 Mixed - Truncated (-0.4 to 0.4)
2025-12-17 18:11:57,578 - src.backend.app_backend - INFO - Loaded dataset: STS_hyperspec_MnBi2Te4_1_Mixed - Truncated I-V (COMPLETE STS)
2025-12-17 18:11:57,578 - src.backend.app_backend - INFO - Loaded dataset: _wf_STS_hyperspec_MnBi2Te4_1_Mixed_derivative_2054d7
2025-12-17 18:11:57,578 - src.backend.app_backend - INFO - Loaded dataset: dIdV__wf_STS_hyperspec_MnBi2Te4_1_Mixed_derivative_2054d7
2025-12-17 18:11:57,578 - src.backend.app_backend - INFO - Loaded dataset: STS hyperspec MnBi2Te4 1 Mixed - 1st Derivative
2025-12-17 18:11:57,578 - src.backend.app_backend - INFO - Loaded dataset: STS_hyperspec_MnBi2Te4_1_Mixed - Truncated dI/dV (COMPLETE STS)
2025-12-17 18:11:57,578 - src.backend.app_backend - INFO - Loaded dataset: _wf_STS_hyperspec_MnBi2Te4_1_Mixed_bfa659
2025-12-17 18:11:57,579 - src.backend.app_backend - INFO - Loaded dataset: NoBaseline__wf_STS_hyperspec_MnBi2Te4_1_Mixed_bfa659
2025-12-17 18:11:57,579 - src.backend.app_backend - INFO - Loaded dataset: STS hyperspec MnBi2Te4 1 Mixed - Baseline Corrected
2025-12-17 18:11:57,579 - src.backend.app_backend - INFO - Loaded dataset: _wf_STS_hyperspec_MnBi2Te4_1_Mixed_cc970e
2025-12-17 18:11:57,579 - src.backend.app_backend - INFO - Loaded dataset: _wf_STS_hyperspec_MnBi2Te4_1_Mixed_integrate_9dc3b3
2025-12-17 18:11:57,579 - src.backend.app_backend - INFO - Loaded dataset: Integrated__wf_STS_hyperspec_MnBi2Te4_1_Mixed_integrate_9dc3b3
2025-12-17 18:11:57,580 - src.backend.app_backend - INFO - Loaded dataset: STS hyperspec MnBi2Te4 1 Mixed - Integrated
2025-12-17 18:11:57,580 - src.backend.app_backend - INFO - Loaded dataset: _wf_STS_hyperspec_MnBi2Te4_1_Mixed_integrate_1013c3
2025-12-17 18:11:57,580 - src.backend.app_backend - INFO - Loaded dataset: Integrated__wf_STS_hyperspec_MnBi2Te4_1_Mixed_integrate_1013c3
2025-12-17 18:11:57,580 - src.backend.app_backend - INFO - Loaded dataset: STS_hyperspec_MnBi2Te4_1_Mixed - Integrated dI/dV (COMPLETE STS)
2025-12-17 18:11:57,580 - src.backend.app_backend - INFO - Loaded dataset: _wf_STS_hyperspec_MnBi2Te4_1_Mixed_08af05
2025-12-17 18:11:57,581 - src.backend.app_backend - INFO - Loaded dataset: STS_hyperspec_MnBi2Te4_1_Mixed - Integrated I-V (COMPLETE STS)
2025-12-17 18:11:57,581 - src.backend.app_backend - INFO - Loaded dataset: _wf_STS_hyperspec_MnBi2Te4_1_Mixed_e8f0e4
2025-12-17 18:11:57,643 - src.backend.map_editor_backend - INFO - Linked dataset 'STS hyperspec MnBi2Te4 1 Mixed - Truncated (-0.4 to 0.4)' with 10000 spectra
2025-12-17 18:11:57,645 - src.backend.map_editor_backend - INFO - Linked dataset 'STS_hyperspec_MnBi2Te4_1_Mixed - Truncated I-V (COMPLETE STS)' with 10000 spectra
2025-12-17 18:11:57,648 - src.backend.map_editor_backend - INFO - Linked dataset 'STS_hyperspec_MnBi2Te4_1_Mixed - Truncated dI/dV (COMPLETE STS)' with 10000 spectra
2025-12-17 18:11:57,653 - src.backend.map_editor_backend - INFO - Linked dataset 'Truncated__wf_STS_hyperspec_MnBi2Te4_1_Mixed_153188' with 10000 spectra
2025-12-17 18:11:57,660 - src.backend.map_editor_backend - INFO - Linked dataset 'NoBaseline__wf_STS_hyperspec_MnBi2Te4_1_Mixed_bfa659' with 10000 spectra
2025-12-17 18:11:57,662 - src.backend.map_editor_backend - INFO - Linked dataset 'STS hyperspec MnBi2Te4 1 Mixed - 1st Derivative' with 10000 spectra
2025-12-17 18:11:57,665 - src.backend.map_editor_backend - INFO - Linked dataset 'STS hyperspec MnBi2Te4 1 Mixed - Baseline Corrected' with 10000 spectra
2025-12-17 18:11:57,667 - src.backend.map_editor_backend - INFO - Linked dataset 'STS_hyperspec_MnBi2Te4_1_Backward' with 10000 spectra
2025-12-17 18:11:57,670 - src.backend.map_editor_backend - INFO - Linked dataset 'STS_hyperspec_MnBi2Te4_1_Forward' with 10000 spectra
2025-12-17 18:11:57,672 - src.backend.map_editor_backend - INFO - Linked dataset 'STS_hyperspec_MnBi2Te4_1_Mixed' with 10000 spectra
2025-12-17 18:11:57,673 - src.backend.map_editor_backend - INFO - Linked dataset '_wf_STS_hyperspec_MnBi2Te4_1_Mixed_153188' with 10000 spectra
2025-12-17 18:11:57,677 - src.backend.map_editor_backend - INFO - Linked dataset '_wf_STS_hyperspec_MnBi2Te4_1_Mixed_bfa659' with 10000 spectra
2025-12-17 18:11:57,679 - src.backend.map_editor_backend - INFO - Linked dataset '_wf_STS_hyperspec_MnBi2Te4_1_Mixed_cc970e' with 10000 spectra
2025-12-17 18:11:57,681 - src.backend.map_editor_backend - INFO - Linked dataset '_wf_STS_hyperspec_MnBi2Te4_1_Mixed_derivative_2054d7' with 10000 spectra
2025-12-17 18:11:57,687 - src.backend.map_editor_backend - INFO - Linked dataset '_wf_STS_hyperspec_MnBi2Te4_1_Mixed_integrate_1013c3' with 10000 spectra
2025-12-17 18:11:57,689 - src.backend.map_editor_backend - INFO - Linked dataset '_wf_STS_hyperspec_MnBi2Te4_1_Mixed_integrate_9dc3b3' with 10000 spectra
2025-12-17 18:11:57,692 - src.backend.map_editor_backend - INFO - Linked dataset 'dIdV__wf_STS_hyperspec_MnBi2Te4_1_Mixed_derivative_2054d7' with 10000 spectra
2025-12-17 18:11:57,800 - src.backend.app_backend - INFO - Scanned existing outputs: 12 maps found
2025-12-17 18:11:57,812 - src.backend.app_backend - INFO - Saved 10 recent projects
2025-12-17 18:11:57,877 - src.backend.app_backend - INFO - Project opened from file: MnBi2Te4 STS
2025-12-17 18:13:15,830 - src.backend.app_backend - INFO - Active dataset: _wf_STS_hyperspec_MnBi2Te4_1_Mixed_derivative_2054d7
2025-12-17 18:13:23,812 - src.backend.app_backend - INFO - Active dataset: STS hyperspec MnBi2Te4 1 Mixed - 1st Derivative
2025-12-17 18:13:27,263 - src.backend.app_backend - INFO - Active dataset: STS_hyperspec_MnBi2Te4_1_Mixed - Truncated dI/dV (COMPLETE STS)
2025-12-17 18:13:55,004 - src.backend.app_backend - INFO - Active dataset: _wf_STS_hyperspec_MnBi2Te4_1_Mixed_integrate_9dc3b3
2025-12-17 18:13:56,347 - src.backend.app_backend - INFO - Active dataset: STS_hyperspec_MnBi2Te4_1_Mixed - Truncated dI/dV (COMPLETE STS)
2025-12-17 18:14:48,925 - src.backend.app_backend - WARNING - getDatasetInfo() called for non-existent dataset: 
2025-12-17 18:14:48,926 - src.backend.app_backend - WARNING - getDatasetInfo() called for non-existent dataset: 
2025-12-17 18:16:56,172 - src.backend.workflow_manager - INFO - Created workflow: New Workflow (ID: ad12b51b)
2025-12-17 18:17:00,559 - src.backend.workflow_manager - INFO - Added node Peak Finder to workflow New Workflow
2025-12-17 18:17:07,397 - src.backend.workflow_manager - INFO - Added node Integration to workflow New Workflow
2025-12-17 18:17:09,480 - src.backend.workflow_manager - INFO - Added node Dataset to workflow New Workflow
2025-12-17 18:17:14,834 - src.backend.workflow_manager - INFO - Added connection in workflow New Workflow
2025-12-17 18:18:11,713 - src.backend.workflow_manager - INFO - Added node Baseline to workflow New Workflow
2025-12-17 18:18:13,937 - src.backend.workflow_manager - INFO - Added connection in workflow New Workflow
2025-12-17 18:18:17,725 - src.backend.workflow_manager - INFO - Added connection in workflow New Workflow
2025-12-17 18:18:20,900 - src.backend.workflow_manager - INFO - Added connection in workflow New Workflow
2025-12-17 18:18:23,482 - src.backend.workflow_manager - INFO - Added connection in workflow New Workflow
2025-12-17 18:18:35,059 - src.backend.workflow_manager - INFO - Added node Flat Data to workflow New Workflow
2025-12-17 18:18:37,314 - src.backend.workflow_manager - INFO - Added connection in workflow New Workflow
2025-12-17 18:19:21,506 - src.backend.workflow_manager - INFO - Executing workflow 'New Workflow' with 5 nodes
2025-12-17 18:19:21,511 - src.backend.workflow_manager - INFO - Node 'Dataset' executed successfully
2025-12-17 18:19:21,514 - src.backend.tool_implementations - INFO - Fitting endpoints to _wf_STS_hyperspec_MnBi2Te4_1_Mixed - Truncated dI/dV (COMPLETE STS)_988f3f
2025-12-17 18:19:21,615 - src.backend.tool_implementations - INFO - BaselineCorrection: Input data range: min=-4.152504e-07, max=3.108460e-07
2025-12-17 18:19:21,615 - src.backend.tool_implementations - INFO - BaselineCorrection: Shape: 200 points, 10000 spectra
2025-12-17 18:19:44,457 - src.backend.tool_implementations - INFO - BaselineCorrection: Output data range: min=-3.465307e-07, max=3.741900e-07
2025-12-17 18:21:08,951 - src.backend.map_editor_backend - INFO - Linked dataset 'STS hyperspec MnBi2Te4 1 Mixed - Truncated (-0.4 to 0.4)' with 10000 spectra
2025-12-17 18:21:08,975 - src.backend.map_editor_backend - INFO - Linked dataset 'STS hyperspec MnBi2Te4 1 Mixed - Truncated dI/dV (COMPLETE STS) - Baseline Corrected' with 10000 spectra
2025-12-17 18:21:08,990 - src.backend.map_editor_backend - INFO - Linked dataset 'STS_hyperspec_MnBi2Te4_1_Mixed - Truncated I-V (COMPLETE STS)' with 10000 spectra
2025-12-17 18:21:08,996 - src.backend.map_editor_backend - INFO - Linked dataset 'STS_hyperspec_MnBi2Te4_1_Mixed - Truncated dI/dV (COMPLETE STS)' with 10000 spectra
2025-12-17 18:21:09,002 - src.backend.map_editor_backend - INFO - Linked dataset 'Truncated__wf_STS_hyperspec_MnBi2Te4_1_Mixed_153188' with 10000 spectra
2025-12-17 18:21:09,007 - src.backend.map_editor_backend - INFO - Linked dataset '_wf_STS_hyperspec_MnBi2Te4_1_Mixed - Truncated dI/dV (COMPLETE STS)_988f3f' with 10000 spectra
2025-12-17 18:21:09,020 - src.backend.map_editor_backend - INFO - Linked dataset 'NoBaseline__wf_STS_hyperspec_MnBi2Te4_1_Mixed_bfa659' with 10000 spectra
2025-12-17 18:21:09,024 - src.backend.map_editor_backend - INFO - Linked dataset 'STS hyperspec MnBi2Te4 1 Mixed - 1st Derivative' with 10000 spectra
2025-12-17 18:21:09,027 - src.backend.map_editor_backend - INFO - Linked dataset 'STS hyperspec MnBi2Te4 1 Mixed - Baseline Corrected' with 10000 spectra
2025-12-17 18:21:09,031 - src.backend.map_editor_backend - INFO - Linked dataset 'STS_hyperspec_MnBi2Te4_1_Backward' with 10000 spectra
2025-12-17 18:21:09,035 - src.backend.map_editor_backend - INFO - Linked dataset 'STS_hyperspec_MnBi2Te4_1_Forward' with 10000 spectra
2025-12-17 18:21:09,039 - src.backend.map_editor_backend - INFO - Linked dataset 'STS_hyperspec_MnBi2Te4_1_Mixed' with 10000 spectra
2025-12-17 18:21:09,050 - src.backend.map_editor_backend - INFO - Linked dataset '_wf_STS_hyperspec_MnBi2Te4_1_Mixed_153188' with 10000 spectra
2025-12-17 18:21:09,053 - src.backend.map_editor_backend - INFO - Linked dataset '_wf_STS_hyperspec_MnBi2Te4_1_Mixed_bfa659' with 10000 spectra
2025-12-17 18:21:09,080 - src.backend.map_editor_backend - INFO - Linked dataset '_wf_STS_hyperspec_MnBi2Te4_1_Mixed_cc970e' with 10000 spectra
2025-12-17 18:21:09,084 - src.backend.map_editor_backend - INFO - Linked dataset '_wf_STS_hyperspec_MnBi2Te4_1_Mixed_derivative_2054d7' with 10000 spectra
2025-12-17 18:21:09,088 - src.backend.map_editor_backend - INFO - Linked dataset '_wf_STS_hyperspec_MnBi2Te4_1_Mixed_integrate_1013c3' with 10000 spectra
2025-12-17 18:21:09,090 - src.backend.map_editor_backend - INFO - Linked dataset '_wf_STS_hyperspec_MnBi2Te4_1_Mixed_integrate_9dc3b3' with 10000 spectra
2025-12-17 18:21:09,098 - src.backend.map_editor_backend - INFO - Linked dataset 'dIdV__wf_STS_hyperspec_MnBi2Te4_1_Mixed_derivative_2054d7' with 10000 spectra
2025-12-17 18:21:09,367 - src.backend.tool_implementations - INFO - Fit results saved to /Users/eduardapolicarpo/Documents/Doutorado/TRANS_QML/outputs/fitted/STS_hyperspec_MnBi2Te4_1_Mixed_-_Truncated_dIdV_CO_FitParams_endpoints.csv and /Users/eduardapolicarpo/Documents/Doutorado/TRANS_QML/outputs/fitted/STS_hyperspec_MnBi2Te4_1_Mixed_-_Truncated_dIdV_CO_NoBaseline_endpoints.csv
2025-12-17 18:21:09,589 - src.backend.workflow_manager - INFO - Node 'Baseline' executed successfully
2025-12-17 18:21:09,603 - src.backend.tool_implementations - INFO - Finding peaks in _wf_STS_hyperspec_MnBi2Te4_1_Mixed - Truncated dI/dV (COMPLETE STS)_e509a1
2025-12-17 18:21:09,625 - src.backend.tool_implementations - INFO - PeakFinder: Dataset has 10000 spectra, 200 points each
2025-12-17 18:21:09,632 - src.backend.tool_implementations - INFO - PeakFinder: Data range: min=-0.000000, max=0.000000
2025-12-17 18:21:09,633 - src.backend.tool_implementations - INFO - PeakFinder: X range: -0.3961 to 0.3998
2025-12-17 18:21:09,633 - src.backend.tool_implementations - INFO - PeakFinder: Using prominence=1e-09, min_distance=5.0
2025-12-17 18:21:53,171 - src.backend.tool_implementations - INFO - Peak data saved to /Users/eduardapolicarpo/Documents/Doutorado/TRANS_QML/outputs/peaks/STS_hyperspec_MnBi2Te4_1_Mixed_-_Truncated_dIdV_CO_peaks.csv: 42093 peaks found, 1 non-overlapping intervals
2025-12-17 18:21:53,484 - src.backend.workflow_manager - INFO - Node 'Peak Finder' executed successfully
2025-12-17 18:21:53,486 - src.backend.app_backend - INFO - Integrating _wf_STS_hyperspec_MnBi2Te4_1_Mixed - Truncated dI/dV (COMPLETE STS)_integrate_9d2cbd over 1 intervals
2025-12-17 18:21:54,590 - src.backend.map_editor_backend - INFO - Linked dataset 'STS hyperspec MnBi2Te4 1 Mixed - Truncated (-0.4 to 0.4)' with 10000 spectra
2025-12-17 18:21:54,619 - src.backend.map_editor_backend - INFO - Linked dataset 'STS hyperspec MnBi2Te4 1 Mixed - Truncated dI/dV (COMPLETE STS) - Baseline Corrected' with 10000 spectra
2025-12-17 18:21:54,624 - src.backend.map_editor_backend - INFO - Linked dataset 'STS_hyperspec_MnBi2Te4_1_Mixed - Truncated I-V (COMPLETE STS)' with 10000 spectra
2025-12-17 18:21:54,633 - src.backend.map_editor_backend - INFO - Linked dataset 'STS_hyperspec_MnBi2Te4_1_Mixed - Truncated dI/dV (COMPLETE STS)' with 10000 spectra
2025-12-17 18:21:54,763 - src.backend.map_editor_backend - INFO - Linked dataset 'Truncated__wf_STS_hyperspec_MnBi2Te4_1_Mixed_153188' with 10000 spectra
2025-12-17 18:21:54,769 - src.backend.map_editor_backend - INFO - Linked dataset '_wf_STS_hyperspec_MnBi2Te4_1_Mixed - Truncated dI/dV (COMPLETE STS)_988f3f' with 10000 spectra
2025-12-17 18:21:54,774 - src.backend.map_editor_backend - INFO - Linked dataset '_wf_STS_hyperspec_MnBi2Te4_1_Mixed - Truncated dI/dV (COMPLETE STS)_e509a1' with 10000 spectra
2025-12-17 18:21:54,780 - src.backend.map_editor_backend - INFO - Linked dataset '_wf_STS_hyperspec_MnBi2Te4_1_Mixed - Truncated dI/dV (COMPLETE STS)_integrate_9d2cbd' with 10000 spectra
2025-12-17 18:21:54,785 - src.backend.map_editor_backend - INFO - Linked dataset 'NoBaseline__wf_STS_hyperspec_MnBi2Te4_1_Mixed_bfa659' with 10000 spectra
2025-12-17 18:21:54,793 - src.backend.map_editor_backend - INFO - Linked dataset 'STS hyperspec MnBi2Te4 1 Mixed - 1st Derivative' with 10000 spectra
2025-12-17 18:21:54,807 - src.backend.map_editor_backend - INFO - Linked dataset 'STS hyperspec MnBi2Te4 1 Mixed - Baseline Corrected' with 10000 spectra
2025-12-17 18:21:54,810 - src.backend.map_editor_backend - INFO - Linked dataset 'STS_hyperspec_MnBi2Te4_1_Backward' with 10000 spectra
2025-12-17 18:21:54,817 - src.backend.map_editor_backend - INFO - Linked dataset 'STS_hyperspec_MnBi2Te4_1_Forward' with 10000 spectra
2025-12-17 18:21:54,821 - src.backend.map_editor_backend - INFO - Linked dataset 'STS_hyperspec_MnBi2Te4_1_Mixed' with 10000 spectra
2025-12-17 18:21:54,828 - src.backend.map_editor_backend - INFO - Linked dataset '_wf_STS_hyperspec_MnBi2Te4_1_Mixed_153188' with 10000 spectra
2025-12-17 18:21:54,839 - src.backend.map_editor_backend - INFO - Linked dataset '_wf_STS_hyperspec_MnBi2Te4_1_Mixed_bfa659' with 10000 spectra
2025-12-17 18:21:54,841 - src.backend.map_editor_backend - INFO - Linked dataset '_wf_STS_hyperspec_MnBi2Te4_1_Mixed_cc970e' with 10000 spectra
2025-12-17 18:21:54,849 - src.backend.map_editor_backend - INFO - Linked dataset '_wf_STS_hyperspec_MnBi2Te4_1_Mixed_derivative_2054d7' with 10000 spectra
2025-12-17 18:21:54,852 - src.backend.map_editor_backend - INFO - Linked dataset '_wf_STS_hyperspec_MnBi2Te4_1_Mixed_integrate_1013c3' with 10000 spectra
2025-12-17 18:21:54,856 - src.backend.map_editor_backend - INFO - Linked dataset '_wf_STS_hyperspec_MnBi2Te4_1_Mixed_integrate_9dc3b3' with 10000 spectra
2025-12-17 18:21:54,867 - src.backend.map_editor_backend - INFO - Linked dataset 'dIdV__wf_STS_hyperspec_MnBi2Te4_1_Mixed_derivative_2054d7' with 10000 spectra
2025-12-17 18:21:55,486 - src.backend.app_backend - INFO - Integration results saved to /Users/eduardapolicarpo/Documents/Doutorado/TRANS_QML/outputs/integrated/STS_hyperspec_MnBi2Te4_1_Mixed_-_Truncated_dIdV_CO_integrated.csv: 1 intervals
2025-12-17 18:21:55,519 - src.backend.workflow_manager - INFO - Node 'Integration' executed successfully
2025-12-17 18:21:55,541 - src.backend.map_editor_backend - INFO - Linked dataset 'STS hyperspec MnBi2Te4 1 Mixed - Truncated (-0.4 to 0.4)' with 10000 spectra
2025-12-17 18:21:55,546 - src.backend.map_editor_backend - INFO - Linked dataset 'STS hyperspec MnBi2Te4 1 Mixed - Truncated dI/dV (COMPLETE STS) - Baseline Corrected' with 10000 spectra
2025-12-17 18:21:55,551 - src.backend.map_editor_backend - INFO - Linked dataset 'STS_hyperspec_MnBi2Te4_1_Mixed - Truncated I-V (COMPLETE STS)' with 10000 spectra
2025-12-17 18:21:55,641 - src.backend.map_editor_backend - INFO - Linked dataset 'STS_hyperspec_MnBi2Te4_1_Mixed - Truncated dI/dV (COMPLETE STS)' with 10000 spectra
2025-12-17 18:21:55,644 - src.backend.map_editor_backend - INFO - Linked dataset 'Truncated__wf_STS_hyperspec_MnBi2Te4_1_Mixed_153188' with 10000 spectra
2025-12-17 18:21:55,658 - src.backend.map_editor_backend - INFO - Linked dataset '_wf_STS_hyperspec_MnBi2Te4_1_Mixed - Truncated dI/dV (COMPLETE STS)_988f3f' with 10000 spectra
2025-12-17 18:21:55,662 - src.backend.map_editor_backend - INFO - Linked dataset '_wf_STS_hyperspec_MnBi2Te4_1_Mixed - Truncated dI/dV (COMPLETE STS)_e509a1' with 10000 spectra
2025-12-17 18:21:55,666 - src.backend.map_editor_backend - INFO - Linked dataset '_wf_STS_hyperspec_MnBi2Te4_1_Mixed - Truncated dI/dV (COMPLETE STS)_integrate_9d2cbd' with 10000 spectra
2025-12-17 18:21:55,669 - src.backend.map_editor_backend - INFO - Linked dataset 'NoBaseline__wf_STS_hyperspec_MnBi2Te4_1_Mixed_bfa659' with 10000 spectra
2025-12-17 18:21:55,672 - src.backend.map_editor_backend - INFO - Linked dataset 'STS hyperspec MnBi2Te4 1 Mixed - 1st Derivative' with 10000 spectra
2025-12-17 18:21:55,676 - src.backend.map_editor_backend - INFO - Linked dataset 'STS hyperspec MnBi2Te4 1 Mixed - Baseline Corrected' with 10000 spectra
2025-12-17 18:21:55,691 - src.backend.map_editor_backend - INFO - Linked dataset 'STS_hyperspec_MnBi2Te4_1_Backward' with 10000 spectra
2025-12-17 18:21:55,693 - src.backend.map_editor_backend - INFO - Linked dataset 'STS_hyperspec_MnBi2Te4_1_Forward' with 10000 spectra
2025-12-17 18:21:55,697 - src.backend.map_editor_backend - INFO - Linked dataset 'STS_hyperspec_MnBi2Te4_1_Mixed' with 10000 spectra
2025-12-17 18:21:55,700 - src.backend.map_editor_backend - INFO - Linked dataset '_wf_STS_hyperspec_MnBi2Te4_1_Mixed_153188' with 10000 spectra
2025-12-17 18:21:55,703 - src.backend.map_editor_backend - INFO - Linked dataset '_wf_STS_hyperspec_MnBi2Te4_1_Mixed_bfa659' with 10000 spectra
2025-12-17 18:21:55,705 - src.backend.map_editor_backend - INFO - Linked dataset '_wf_STS_hyperspec_MnBi2Te4_1_Mixed_cc970e' with 10000 spectra
2025-12-17 18:21:55,730 - src.backend.map_editor_backend - INFO - Linked dataset '_wf_STS_hyperspec_MnBi2Te4_1_Mixed_derivative_2054d7' with 10000 spectra
2025-12-17 18:21:55,733 - src.backend.map_editor_backend - INFO - Linked dataset '_wf_STS_hyperspec_MnBi2Te4_1_Mixed_integrate_1013c3' with 10000 spectra
2025-12-17 18:21:55,763 - src.backend.map_editor_backend - INFO - Linked dataset '_wf_STS_hyperspec_MnBi2Te4_1_Mixed_integrate_9dc3b3' with 10000 spectra
2025-12-17 18:21:55,776 - src.backend.map_editor_backend - INFO - Linked dataset 'dIdV__wf_STS_hyperspec_MnBi2Te4_1_Mixed_derivative_2054d7' with 10000 spectra
2025-12-17 18:21:56,927 - src.backend.workflow_manager - INFO - Flat data saved to /Users/eduardapolicarpo/Documents/Doutorado/TRANS_QML/outputs/integrated/STS_hyperspec_MnBi2Te4_1_Mixed___Truncated_dIdV_CO.csv
2025-12-17 18:21:56,928 - src.backend.workflow_manager - INFO - Flat data saved as: STS_hyperspec_MnBi2Te4_1_Mixed_-_Truncated_dIdV_CO
2025-12-17 18:21:56,929 - src.backend.workflow_manager - INFO - Node 'Flat Data' executed successfully
2025-12-17 18:22:05,113 - src.backend.app_backend - INFO - Active dataset: STS hyperspec MnBi2Te4 1 Mixed - Truncated dI/dV (COMPLETE STS) - Integrated
2025-12-17 18:22:06,361 - src.backend.app_backend - INFO - Active dataset: STS_hyperspec_MnBi2Te4_1_Mixed_-_Truncated_dIdV_CO
2025-12-17 18:23:12,124 - src.backend.app_backend - INFO - Active dataset: _wf_STS_hyperspec_MnBi2Te4_1_Mixed_08af05
2025-12-17 18:23:13,125 - src.backend.app_backend - INFO - Active dataset: STS hyperspec MnBi2Te4 1 Mixed - Truncated dI/dV (COMPLETE STS) - Integrated
2025-12-17 18:23:17,511 - src.backend.app_backend - INFO - Active dataset: STS_hyperspec_MnBi2Te4_1_Mixed_-_Truncated_dIdV_CO
2025-12-17 18:23:22,452 - src.backend.app_backend - INFO - Active dataset: STS_hyperspec_MnBi2Te4_1_Mixed_-_Truncated_dIdV_CO
2025-12-17 18:23:22,589 - src.backend.app_backend - INFO - Opening dataset in plot and table: STS_hyperspec_MnBi2Te4_1_Mixed_-_Truncated_dIdV_CO
2025-12-17 18:24:12,000 - src.widgets.enhanced_table_window - INFO - Loaded 10000 rows, 2 columns
2025-12-17 18:24:12,389 - src.backend.app_backend - INFO - Table window created for STS_hyperspec_MnBi2Te4_1_Mixed_-_Truncated_dIdV_CO
2025-12-17 18:24:12,390 - src.backend.app_backend - INFO - Opened dataset STS_hyperspec_MnBi2Te4_1_Mixed_-_Truncated_dIdV_CO in plot window, table loading...
2025-12-17 18:24:36,009 - src.backend.app_backend - INFO - Table closed: table_2
2025-12-17 18:25:17,419 - src.backend.app_backend - INFO - Graph closed: graph_1
2025-12-17 18:25:42,350 - src.backend.app_backend - WARNING - getDatasetInfo() called for non-existent dataset: 
2025-12-17 18:30:32,988 - src.backend.app_backend - INFO - Closing all windows (0 open)
2025-12-17 18:30:32,998 - src.backend.app_backend - INFO - All windows closed
2025-12-17 18:30:33,196 - __main__ - INFO - === Application shutting down ===
2025-12-17 18:30:33,197 - __main__ - INFO - Closing 0 open windows...
2025-12-17 18:30:33,198 - __main__ - INFO - All windows closed
2025-12-17 18:30:33,226 - __main__ - INFO - Stopping worker thread...
2025-12-17 18:30:33,227 - src.backend.worker - INFO - PersistentWorker stop() called
2025-12-17 18:30:33,230 - src.backend.worker - INFO - PersistentWorker stop signal sent
2025-12-17 18:30:33,231 - src.backend.worker - INFO - PersistentWorker thread stopped
2025-12-17 18:30:33,243 - __main__ - INFO - Worker thread stopped
2025-12-17 18:30:33,244 - __main__ - INFO - === Cleanup complete ===
2025-12-17 18:30:33,247 - __main__ - INFO - Application event loop exited with code 0
2025-12-17 18:36:41,225 - __main__ - INFO - Starting TRANS-QML Application
2025-12-17 18:36:42,838 - __main__ - INFO - macOS application name set via NSBundle
2025-12-17 18:36:45,251 - __main__ - INFO - Application icon set: /Users/eduardapolicarpo/Documents/Doutorado/TRANS_QML/icon.png
2025-12-17 18:36:45,342 - src.backend.app_backend - INFO - Loaded 10 recent projects
2025-12-17 18:36:45,344 - src.data_loaders.nanosurf_sts_enhanced - WARNING - Could not apply NSFopen patches: type object 'read' has no attribute 'read'
2025-12-17 18:36:45,344 - src.backend.app_backend - INFO - Nanosurf loader initialized
2025-12-17 18:36:45,345 - src.backend.app_backend - INFO - NeaSpec loader initialized
2025-12-17 18:36:45,345 - src.backend.app_backend - INFO - Omicron Matrix STS loader initialized
2025-12-17 18:36:45,346 - src.backend.app_backend - INFO - Omicron Flat image loader initialized
2025-12-17 18:36:45,348 - src.backend.worker - INFO - PersistentWorker initialized
2025-12-17 18:36:45,351 - src.backend.worker - INFO - WorkerManager initialized with persistent worker
2025-12-17 18:36:45,353 - src.backend.dock_manager - INFO - DockManager initialized. Config dir: /Users/eduardapolicarpo/.trans_qml
2025-12-17 18:36:45,354 - src.backend.app_backend - INFO - AppBackend initialized with all tools
2025-12-17 18:36:45,361 - src.backend.worker - INFO - PersistentWorker thread started
2025-12-17 18:36:54,044 - __main__ - INFO - Application started successfully
2025-12-17 18:37:36,527 - src.backend.app_backend - INFO - Creating project: aa at /Users/eduardapolicarpo/Documents/TRANS_QML_Projects/aa
2025-12-17 18:37:36,564 - src.backend.app_backend - INFO - Saved 10 recent projects
2025-12-17 18:37:36,575 - src.backend.app_backend - INFO - Project created: aa (directories will be created on first output)
2025-12-17 18:40:55,236 - src.backend.project_manager - INFO - Loading project from /Users/eduardapolicarpo/Documents/Doutorado/TRANS_QML/MnBi2Te4  STS adv test.hrt
2025-12-17 18:41:26,306 - src.backend.project_manager - INFO - Loading project format version: 2.0
2025-12-17 18:42:18,056 - src.backend.project_manager - INFO - Project loaded successfully: /Users/eduardapolicarpo/Documents/Doutorado/TRANS_QML/MnBi2Te4  STS adv test.hrt
2025-12-17 18:42:19,244 - src.backend.app_backend - INFO - Opening project from file: MnBi2Te4 STS at /Users/eduardapolicarpo/Documents/Doutorado/TRANS_QML
2025-12-17 18:42:19,263 - src.backend.app_backend - INFO - Using legacy outputs folder: /Users/eduardapolicarpo/Documents/Doutorado/TRANS_QML/outputs
2025-12-17 18:42:19,284 - src.backend.app_backend - INFO - Loaded dataset: STS_hyperspec_MnBi2Te4_1_Forward
2025-12-17 18:42:19,286 - src.backend.app_backend - INFO - Loaded dataset: STS_hyperspec_MnBi2Te4_1_Backward
2025-12-17 18:42:19,286 - src.backend.app_backend - INFO - Loaded dataset: STS_hyperspec_MnBi2Te4_1_Mixed
2025-12-17 18:42:19,286 - src.backend.app_backend - INFO - Loaded dataset: _wf_STS_hyperspec_MnBi2Te4_1_Mixed_153188
2025-12-17 18:42:19,287 - src.backend.app_backend - INFO - Loaded dataset: Truncated__wf_STS_hyperspec_MnBi2Te4_1_Mixed_153188
2025-12-17 18:42:19,287 - src.backend.app_backend - INFO - Loaded dataset: STS hyperspec MnBi2Te4 1 Mixed - Truncated (-0.4 to 0.4)
2025-12-17 18:42:19,287 - src.backend.app_backend - INFO - Loaded dataset: STS_hyperspec_MnBi2Te4_1_Mixed - Truncated I-V (COMPLETE STS)
2025-12-17 18:42:19,288 - src.backend.app_backend - INFO - Loaded dataset: _wf_STS_hyperspec_MnBi2Te4_1_Mixed_derivative_2054d7
2025-12-17 18:42:19,288 - src.backend.app_backend - INFO - Loaded dataset: dIdV__wf_STS_hyperspec_MnBi2Te4_1_Mixed_derivative_2054d7
2025-12-17 18:42:19,288 - src.backend.app_backend - INFO - Loaded dataset: STS hyperspec MnBi2Te4 1 Mixed - 1st Derivative
2025-12-17 18:42:19,289 - src.backend.app_backend - INFO - Loaded dataset: STS_hyperspec_MnBi2Te4_1_Mixed - Truncated dI/dV (COMPLETE STS)
2025-12-17 18:42:19,289 - src.backend.app_backend - INFO - Loaded dataset: _wf_STS_hyperspec_MnBi2Te4_1_Mixed_bfa659
2025-12-17 18:42:19,289 - src.backend.app_backend - INFO - Loaded dataset: NoBaseline__wf_STS_hyperspec_MnBi2Te4_1_Mixed_bfa659
2025-12-17 18:42:19,289 - src.backend.app_backend - INFO - Loaded dataset: STS hyperspec MnBi2Te4 1 Mixed - Baseline Corrected
2025-12-17 18:42:19,290 - src.backend.app_backend - INFO - Loaded dataset: _wf_STS_hyperspec_MnBi2Te4_1_Mixed_cc970e
2025-12-17 18:42:19,290 - src.backend.app_backend - INFO - Loaded dataset: _wf_STS_hyperspec_MnBi2Te4_1_Mixed_integrate_9dc3b3
2025-12-17 18:42:19,290 - src.backend.app_backend - INFO - Loaded dataset: Integrated__wf_STS_hyperspec_MnBi2Te4_1_Mixed_integrate_9dc3b3
2025-12-17 18:42:19,291 - src.backend.app_backend - INFO - Loaded dataset: STS hyperspec MnBi2Te4 1 Mixed - Integrated
2025-12-17 18:42:19,291 - src.backend.app_backend - INFO - Loaded dataset: _wf_STS_hyperspec_MnBi2Te4_1_Mixed_integrate_1013c3
2025-12-17 18:42:19,291 - src.backend.app_backend - INFO - Loaded dataset: Integrated__wf_STS_hyperspec_MnBi2Te4_1_Mixed_integrate_1013c3
2025-12-17 18:42:19,292 - src.backend.app_backend - INFO - Loaded dataset: STS_hyperspec_MnBi2Te4_1_Mixed - Integrated dI/dV (COMPLETE STS)
2025-12-17 18:42:19,293 - src.backend.app_backend - INFO - Loaded dataset: _wf_STS_hyperspec_MnBi2Te4_1_Mixed_08af05
2025-12-17 18:42:19,294 - src.backend.app_backend - INFO - Loaded dataset: STS_hyperspec_MnBi2Te4_1_Mixed - Integrated I-V (COMPLETE STS)
2025-12-17 18:42:19,295 - src.backend.app_backend - INFO - Loaded dataset: _wf_STS_hyperspec_MnBi2Te4_1_Mixed_e8f0e4
2025-12-17 18:42:19,468 - src.backend.map_editor_backend - INFO - Linked dataset 'STS hyperspec MnBi2Te4 1 Mixed - Truncated (-0.4 to 0.4)' with 10000 spectra
2025-12-17 18:42:19,472 - src.backend.map_editor_backend - INFO - Linked dataset 'STS_hyperspec_MnBi2Te4_1_Mixed - Truncated I-V (COMPLETE STS)' with 10000 spectra
2025-12-17 18:42:19,476 - src.backend.map_editor_backend - INFO - Linked dataset 'STS_hyperspec_MnBi2Te4_1_Mixed - Truncated dI/dV (COMPLETE STS)' with 10000 spectra
2025-12-17 18:42:19,484 - src.backend.map_editor_backend - INFO - Linked dataset 'Truncated__wf_STS_hyperspec_MnBi2Te4_1_Mixed_153188' with 10000 spectra
2025-12-17 18:42:19,496 - src.backend.map_editor_backend - INFO - Linked dataset 'NoBaseline__wf_STS_hyperspec_MnBi2Te4_1_Mixed_bfa659' with 10000 spectra
2025-12-17 18:42:19,537 - src.backend.map_editor_backend - INFO - Linked dataset 'STS hyperspec MnBi2Te4 1 Mixed - 1st Derivative' with 10000 spectra
2025-12-17 18:42:19,541 - src.backend.map_editor_backend - INFO - Linked dataset 'STS hyperspec MnBi2Te4 1 Mixed - Baseline Corrected' with 10000 spectra
2025-12-17 18:42:19,544 - src.backend.map_editor_backend - INFO - Linked dataset 'STS_hyperspec_MnBi2Te4_1_Backward' with 10000 spectra
2025-12-17 18:42:19,556 - src.backend.map_editor_backend - INFO - Linked dataset 'STS_hyperspec_MnBi2Te4_1_Forward' with 10000 spectra
2025-12-17 18:42:19,561 - src.backend.map_editor_backend - INFO - Linked dataset 'STS_hyperspec_MnBi2Te4_1_Mixed' with 10000 spectra
2025-12-17 18:42:19,564 - src.backend.map_editor_backend - INFO - Linked dataset '_wf_STS_hyperspec_MnBi2Te4_1_Mixed_153188' with 10000 spectra
2025-12-17 18:42:19,568 - src.backend.map_editor_backend - INFO - Linked dataset '_wf_STS_hyperspec_MnBi2Te4_1_Mixed_bfa659' with 10000 spectra
2025-12-17 18:42:19,572 - src.backend.map_editor_backend - INFO - Linked dataset '_wf_STS_hyperspec_MnBi2Te4_1_Mixed_cc970e' with 10000 spectra
2025-12-17 18:42:19,589 - src.backend.map_editor_backend - INFO - Linked dataset '_wf_STS_hyperspec_MnBi2Te4_1_Mixed_derivative_2054d7' with 10000 spectra
2025-12-17 18:42:19,593 - src.backend.map_editor_backend - INFO - Linked dataset '_wf_STS_hyperspec_MnBi2Te4_1_Mixed_integrate_1013c3' with 10000 spectra
2025-12-17 18:42:19,624 - src.backend.map_editor_backend - INFO - Linked dataset '_wf_STS_hyperspec_MnBi2Te4_1_Mixed_integrate_9dc3b3' with 10000 spectra
2025-12-17 18:42:19,646 - src.backend.map_editor_backend - INFO - Linked dataset 'dIdV__wf_STS_hyperspec_MnBi2Te4_1_Mixed_derivative_2054d7' with 10000 spectra
2025-12-17 18:42:20,035 - src.backend.app_backend - INFO - Scanned existing outputs: 12 maps found
2025-12-17 18:42:20,061 - src.backend.app_backend - INFO - Saved 10 recent projects
2025-12-17 18:42:20,068 - src.backend.app_backend - INFO - Project opened from file: MnBi2Te4 STS
2025-12-17 19:26:47,401 - src.backend.app_backend - INFO - Closing all windows (0 open)
2025-12-17 19:26:47,403 - src.backend.app_backend - INFO - All windows closed
2025-12-17 19:26:47,483 - __main__ - INFO - === Application shutting down ===
2025-12-17 19:26:47,484 - __main__ - INFO - Closing 0 open windows...
2025-12-17 19:26:47,485 - __main__ - INFO - All windows closed
2025-12-17 19:26:47,486 - __main__ - INFO - Stopping worker thread...
2025-12-17 19:26:47,487 - src.backend.worker - INFO - PersistentWorker stop() called
2025-12-17 19:26:47,488 - src.backend.worker - INFO - PersistentWorker stop signal sent
2025-12-17 19:26:47,490 - src.backend.worker - INFO - PersistentWorker thread stopped
2025-12-17 19:26:47,493 - __main__ - INFO - Worker thread stopped
2025-12-17 19:26:47,494 - __main__ - INFO - === Cleanup complete ===
2025-12-17 19:26:47,497 - __main__ - INFO - Application event loop exited with code 0
2025-12-17 20:14:10,809 - __main__ - INFO - Starting TRANS-QML Application
2025-12-17 20:14:11,000 - __main__ - INFO - macOS application name set via NSBundle
2025-12-17 20:14:11,661 - __main__ - INFO - Application icon set: /Users/eduardapolicarpo/Documents/Doutorado/TRANS_QML/icon.png
2025-12-17 20:14:11,741 - src.backend.app_backend - INFO - Loaded 10 recent projects
2025-12-17 20:14:11,742 - src.data_loaders.nanosurf_sts_enhanced - WARNING - Could not apply NSFopen patches: type object 'read' has no attribute 'read'
2025-12-17 20:14:11,742 - src.backend.app_backend - INFO - Nanosurf loader initialized
2025-12-17 20:14:11,742 - src.backend.app_backend - INFO - NeaSpec loader initialized
2025-12-17 20:14:11,742 - src.backend.app_backend - INFO - Omicron Matrix STS loader initialized
2025-12-17 20:14:11,742 - src.backend.app_backend - INFO - Omicron Flat image loader initialized
2025-12-17 20:14:11,749 - src.backend.worker - INFO - PersistentWorker initialized
2025-12-17 20:14:11,751 - src.backend.worker - INFO - WorkerManager initialized with persistent worker
2025-12-17 20:14:11,751 - src.backend.worker - INFO - PersistentWorker thread started
2025-12-17 20:14:11,752 - src.backend.dock_manager - INFO - DockManager initialized. Config dir: /Users/eduardapolicarpo/.trans_qml
2025-12-17 20:14:11,752 - src.backend.app_backend - INFO - AppBackend initialized with all tools
2025-12-17 20:14:12,258 - __main__ - ERROR - Failed to load QML
2025-12-17 20:14:12,258 - __main__ - INFO - === Application shutting down ===
2025-12-17 20:14:12,258 - __main__ - INFO - Closing 0 open windows...
2025-12-17 20:14:12,258 - __main__ - INFO - All windows closed
2025-12-17 20:14:12,258 - __main__ - INFO - Stopping worker thread...
2025-12-17 20:14:12,258 - src.backend.worker - INFO - PersistentWorker stop() called
2025-12-17 20:14:12,258 - src.backend.worker - INFO - PersistentWorker stop signal sent
2025-12-17 20:14:12,258 - src.backend.worker - INFO - PersistentWorker thread stopped
2025-12-17 20:14:12,259 - __main__ - INFO - Worker thread stopped
2025-12-17 20:14:12,259 - __main__ - INFO - === Cleanup complete ===
2025-12-17 20:19:42,684 - __main__ - INFO - Starting TRANS-QML Application
2025-12-17 20:19:42,912 - __main__ - INFO - macOS application name set via NSBundle
2025-12-17 20:19:43,502 - __main__ - INFO - Application icon set: /Users/eduardapolicarpo/Documents/Doutorado/TRANS_QML/icon.png
2025-12-17 20:19:43,559 - src.backend.app_backend - INFO - Loaded 10 recent projects
2025-12-17 20:19:43,560 - src.data_loaders.nanosurf_sts_enhanced - WARNING - Could not apply NSFopen patches: type object 'read' has no attribute 'read'
2025-12-17 20:19:43,560 - src.backend.app_backend - INFO - Nanosurf loader initialized
2025-12-17 20:19:43,560 - src.backend.app_backend - INFO - NeaSpec loader initialized
2025-12-17 20:19:43,560 - src.backend.app_backend - INFO - Omicron Matrix STS loader initialized
2025-12-17 20:19:43,560 - src.backend.app_backend - INFO - Omicron Flat image loader initialized
2025-12-17 20:19:43,561 - src.backend.worker - INFO - PersistentWorker initialized
2025-12-17 20:19:43,562 - src.backend.worker - INFO - WorkerManager initialized with persistent worker
2025-12-17 20:19:43,562 - src.backend.worker - INFO - PersistentWorker thread started
2025-12-17 20:19:43,564 - src.backend.dock_manager - INFO - DockManager initialized. Config dir: /Users/eduardapolicarpo/.trans_qml
2025-12-17 20:19:43,564 - src.backend.app_backend - INFO - AppBackend initialized with all tools
2025-12-17 20:19:43,884 - __main__ - ERROR - Failed to load QML
2025-12-17 20:19:43,885 - __main__ - INFO - === Application shutting down ===
2025-12-17 20:19:43,885 - __main__ - INFO - Closing 0 open windows...
2025-12-17 20:19:43,885 - __main__ - INFO - All windows closed
2025-12-17 20:19:43,885 - __main__ - INFO - Stopping worker thread...
2025-12-17 20:19:43,885 - src.backend.worker - INFO - PersistentWorker stop() called
2025-12-17 20:19:43,885 - src.backend.worker - INFO - PersistentWorker stop signal sent
2025-12-17 20:19:43,885 - src.backend.worker - INFO - PersistentWorker thread stopped
2025-12-17 20:19:43,886 - __main__ - INFO - Worker thread stopped
2025-12-17 20:19:43,886 - __main__ - INFO - === Cleanup complete ===
2025-12-17 20:20:33,042 - __main__ - INFO - Starting TRANS-QML Application
2025-12-17 20:20:33,353 - __main__ - INFO - macOS application name set via NSBundle
2025-12-17 20:20:33,836 - __main__ - INFO - Application icon set: /Users/eduardapolicarpo/Documents/Doutorado/TRANS_QML/icon.png
2025-12-17 20:20:33,840 - src.backend.app_backend - INFO - Loaded 10 recent projects
2025-12-17 20:20:33,841 - src.data_loaders.nanosurf_sts_enhanced - WARNING - Could not apply NSFopen patches: type object 'read' has no attribute 'read'
2025-12-17 20:20:33,842 - src.backend.app_backend - INFO - Nanosurf loader initialized
2025-12-17 20:20:33,842 - src.backend.app_backend - INFO - NeaSpec loader initialized
2025-12-17 20:20:33,842 - src.backend.app_backend - INFO - Omicron Matrix STS loader initialized
2025-12-17 20:20:33,842 - src.backend.app_backend - INFO - Omicron Flat image loader initialized
2025-12-17 20:20:33,842 - src.backend.worker - INFO - PersistentWorker initialized
2025-12-17 20:20:33,842 - src.backend.worker - INFO - WorkerManager initialized with persistent worker
2025-12-17 20:20:33,842 - src.backend.worker - INFO - PersistentWorker thread started
2025-12-17 20:20:33,843 - src.backend.dock_manager - INFO - DockManager initialized. Config dir: /Users/eduardapolicarpo/.trans_qml
2025-12-17 20:20:33,843 - src.backend.app_backend - INFO - AppBackend initialized with all tools
2025-12-17 20:20:35,358 - __main__ - INFO - Application started successfully
2025-12-17 20:20:47,808 - src.backend.app_backend - INFO - Creating project: jj at /Users/eduardapolicarpo/Documents/TRANS_QML_Projects/jj
2025-12-17 20:20:47,821 - src.backend.app_backend - INFO - Saved 10 recent projects
2025-12-17 20:20:47,824 - src.backend.app_backend - INFO - Project created: jj (directories will be created on first output)
2025-12-17 20:22:16,375 - src.backend.preferences_manager - INFO - Preferences saved
2025-12-17 20:22:16,376 - src.backend.preferences_manager - INFO - Scheme changed to: blahaj_aesthetic
2025-12-17 20:22:19,457 - src.backend.preferences_manager - INFO - Preferences saved
2025-12-17 20:22:19,457 - src.backend.preferences_manager - INFO - Scheme changed to: blahaj_aesthetic
2025-12-17 20:22:22,814 - src.backend.preferences_manager - INFO - Preferences saved
2025-12-17 20:22:22,814 - src.backend.preferences_manager - INFO - Scheme changed to: uhaul_ready
2025-12-17 20:23:35,472 - src.backend.app_backend - INFO - Closing all windows (0 open)
2025-12-17 20:23:35,475 - src.backend.app_backend - INFO - All windows closed
2025-12-17 20:23:35,488 - __main__ - INFO - === Application shutting down ===
2025-12-17 20:23:35,488 - __main__ - INFO - Closing 0 open windows...
2025-12-17 20:23:35,488 - __main__ - INFO - All windows closed
2025-12-17 20:23:35,488 - __main__ - INFO - Stopping worker thread...
2025-12-17 20:23:35,489 - src.backend.worker - INFO - PersistentWorker stop() called
2025-12-17 20:23:35,489 - src.backend.worker - INFO - PersistentWorker stop signal sent
2025-12-17 20:23:35,489 - src.backend.worker - INFO - PersistentWorker thread stopped
2025-12-17 20:23:35,489 - __main__ - INFO - Worker thread stopped
2025-12-17 20:23:35,489 - __main__ - INFO - === Cleanup complete ===
2025-12-17 20:23:35,492 - __main__ - INFO - Application event loop exited with code 0
2025-12-17 20:24:07,793 - __main__ - INFO - Starting TRANS-QML Application
2025-12-17 20:24:08,007 - __main__ - INFO - macOS application name set via NSBundle
2025-12-17 20:24:08,459 - __main__ - INFO - Application icon set: /Users/eduardapolicarpo/Documents/Doutorado/TRANS_QML/icon.png
2025-12-17 20:24:08,471 - src.backend.app_backend - INFO - Loaded 10 recent projects
2025-12-17 20:24:08,474 - src.data_loaders.nanosurf_sts_enhanced - WARNING - Could not apply NSFopen patches: type object 'read' has no attribute 'read'
2025-12-17 20:24:08,474 - src.backend.app_backend - INFO - Nanosurf loader initialized
2025-12-17 20:24:08,475 - src.backend.app_backend - INFO - NeaSpec loader initialized
2025-12-17 20:24:08,475 - src.backend.app_backend - INFO - Omicron Matrix STS loader initialized
2025-12-17 20:24:08,475 - src.backend.app_backend - INFO - Omicron Flat image loader initialized
2025-12-17 20:24:08,476 - src.backend.worker - INFO - PersistentWorker initialized
2025-12-17 20:24:08,477 - src.backend.worker - INFO - WorkerManager initialized with persistent worker
2025-12-17 20:24:08,478 - src.backend.worker - INFO - PersistentWorker thread started
2025-12-17 20:24:08,479 - src.backend.dock_manager - INFO - DockManager initialized. Config dir: /Users/eduardapolicarpo/.trans_qml
2025-12-17 20:24:08,480 - src.backend.preferences_manager - INFO - Loaded preferences, current scheme: uhaul_ready
2025-12-17 20:24:08,481 - src.backend.app_backend - INFO - AppBackend initialized with all tools
2025-12-17 20:24:09,841 - __main__ - INFO - Application started successfully
2025-12-17 20:24:14,265 - src.backend.app_backend - INFO - Creating project: uiu at /Users/eduardapolicarpo/Documents/TRANS_QML_Projects/uiu
2025-12-17 20:24:14,281 - src.backend.app_backend - INFO - Saved 10 recent projects
2025-12-17 20:24:14,289 - src.backend.app_backend - INFO - Project created: uiu (directories will be created on first output)
2025-12-17 20:24:25,994 - src.backend.preferences_manager - INFO - Preferences saved
2025-12-17 20:24:26,000 - src.backend.preferences_manager - INFO - Scheme changed to: just_dark
2025-12-17 20:24:26,785 - src.backend.preferences_manager - INFO - Preferences saved
2025-12-17 20:24:26,785 - src.backend.preferences_manager - INFO - Scheme changed to: just_dark
2025-12-17 20:32:36,567 - src.backend.app_backend - INFO - Closing all windows (0 open)
2025-12-17 20:32:36,572 - src.backend.app_backend - INFO - All windows closed
2025-12-17 20:32:36,585 - __main__ - INFO - === Application shutting down ===
2025-12-17 20:32:36,585 - __main__ - INFO - Closing 0 open windows...
2025-12-17 20:32:36,585 - __main__ - INFO - All windows closed
2025-12-17 20:32:36,585 - __main__ - INFO - Stopping worker thread...
2025-12-17 20:32:36,585 - src.backend.worker - INFO - PersistentWorker stop() called
2025-12-17 20:32:36,586 - src.backend.worker - INFO - PersistentWorker stop signal sent
2025-12-17 20:32:36,586 - src.backend.worker - INFO - PersistentWorker thread stopped
2025-12-17 20:32:36,587 - __main__ - INFO - Worker thread stopped
2025-12-17 20:32:36,587 - __main__ - INFO - === Cleanup complete ===
2025-12-17 20:32:36,589 - __main__ - INFO - Application event loop exited with code 0
2025-12-17 20:32:45,339 - __main__ - INFO - Starting TRANS-QML Application
2025-12-17 20:32:45,545 - __main__ - INFO - macOS application name set via NSBundle
2025-12-17 20:32:45,929 - __main__ - INFO - Application icon set: /Users/eduardapolicarpo/Documents/Doutorado/TRANS_QML/icon.png
2025-12-17 20:32:45,941 - src.backend.app_backend - INFO - Loaded 10 recent projects
2025-12-17 20:32:45,944 - src.data_loaders.nanosurf_sts_enhanced - WARNING - Could not apply NSFopen patches: type object 'read' has no attribute 'read'
2025-12-17 20:32:45,945 - src.backend.app_backend - INFO - Nanosurf loader initialized
2025-12-17 20:32:45,946 - src.backend.app_backend - INFO - NeaSpec loader initialized
2025-12-17 20:32:45,946 - src.backend.app_backend - INFO - Omicron Matrix STS loader initialized
2025-12-17 20:32:45,946 - src.backend.app_backend - INFO - Omicron Flat image loader initialized
2025-12-17 20:32:45,946 - src.backend.worker - INFO - PersistentWorker initialized
2025-12-17 20:32:45,946 - src.backend.worker - INFO - WorkerManager initialized with persistent worker
2025-12-17 20:32:45,947 - src.backend.worker - INFO - PersistentWorker thread started
2025-12-17 20:32:45,948 - src.backend.dock_manager - INFO - DockManager initialized. Config dir: /Users/eduardapolicarpo/.trans_qml
2025-12-17 20:32:45,951 - src.backend.preferences_manager - INFO - Loaded preferences, current scheme: just_dark
2025-12-17 20:32:45,951 - src.backend.app_backend - INFO - AppBackend initialized with all tools
2025-12-17 20:32:46,821 - __main__ - INFO - Application started successfully
2025-12-17 20:32:50,384 - src.backend.app_backend - INFO - Creating project: j at /Users/eduardapolicarpo/Documents/TRANS_QML_Projects/j
2025-12-17 20:32:50,396 - src.backend.app_backend - INFO - Saved 10 recent projects
2025-12-17 20:32:50,399 - src.backend.app_backend - INFO - Project created: j (directories will be created on first output)
2025-12-17 20:33:03,127 - src.backend.preferences_manager - INFO - Preferences saved
2025-12-17 20:33:03,130 - src.backend.preferences_manager - INFO - Scheme changed to: blahaj_aesthetic
2025-12-17 20:33:04,633 - src.backend.preferences_manager - INFO - Preferences saved
2025-12-17 20:33:04,634 - src.backend.preferences_manager - INFO - Scheme changed to: blahaj_aesthetic
2025-12-17 20:35:35,558 - src.backend.preferences_manager - INFO - Preferences saved
2025-12-17 20:35:35,567 - src.backend.preferences_manager - INFO - Scheme changed to: uhaul_ready
2025-12-17 20:35:38,764 - src.backend.preferences_manager - INFO - Preferences saved
2025-12-17 20:35:38,767 - src.backend.preferences_manager - INFO - Scheme changed to: attracted_to_pans
2025-12-17 20:35:42,945 - src.backend.preferences_manager - INFO - Preferences saved
2025-12-17 20:35:42,947 - src.backend.preferences_manager - INFO - Scheme changed to: no_romo
2025-12-17 20:36:19,090 - src.backend.workflow_manager - INFO - Created workflow: New Workflow (ID: 8d4c389e)
2025-12-17 20:38:38,205 - src.backend.app_backend - INFO - Closing all windows (0 open)
2025-12-17 20:38:38,215 - src.backend.app_backend - INFO - All windows closed
2025-12-17 20:38:38,230 - __main__ - INFO - === Application shutting down ===
2025-12-17 20:38:38,230 - __main__ - INFO - Closing 0 open windows...
2025-12-17 20:38:38,230 - __main__ - INFO - All windows closed
2025-12-17 20:38:38,230 - __main__ - INFO - Stopping worker thread...
2025-12-17 20:38:38,230 - src.backend.worker - INFO - PersistentWorker stop() called
2025-12-17 20:38:38,231 - src.backend.worker - INFO - PersistentWorker stop signal sent
2025-12-17 20:38:38,231 - src.backend.worker - INFO - PersistentWorker thread stopped
2025-12-17 20:38:38,232 - __main__ - INFO - Worker thread stopped
2025-12-17 20:38:38,232 - __main__ - INFO - === Cleanup complete ===
2025-12-17 20:38:38,233 - __main__ - INFO - Application event loop exited with code 0
2025-12-17 20:38:56,192 - __main__ - INFO - Starting TRANS-QML Application
2025-12-17 20:38:56,445 - __main__ - INFO - macOS application name set via NSBundle
2025-12-17 20:38:56,859 - __main__ - INFO - Application icon set: /Users/eduardapolicarpo/Documents/Doutorado/TRANS_QML/icon.png
2025-12-17 20:38:56,865 - src.backend.app_backend - INFO - Loaded 10 recent projects
2025-12-17 20:38:56,866 - src.data_loaders.nanosurf_sts_enhanced - WARNING - Could not apply NSFopen patches: type object 'read' has no attribute 'read'
2025-12-17 20:38:56,866 - src.backend.app_backend - INFO - Nanosurf loader initialized
2025-12-17 20:38:56,866 - src.backend.app_backend - INFO - NeaSpec loader initialized
2025-12-17 20:38:56,866 - src.backend.app_backend - INFO - Omicron Matrix STS loader initialized
2025-12-17 20:38:56,866 - src.backend.app_backend - INFO - Omicron Flat image loader initialized
2025-12-17 20:38:56,866 - src.backend.worker - INFO - PersistentWorker initialized
2025-12-17 20:38:56,867 - src.backend.worker - INFO - WorkerManager initialized with persistent worker
2025-12-17 20:38:56,867 - src.backend.worker - INFO - PersistentWorker thread started
2025-12-17 20:38:56,868 - src.backend.dock_manager - INFO - DockManager initialized. Config dir: /Users/eduardapolicarpo/.trans_qml
2025-12-17 20:38:56,869 - src.backend.preferences_manager - INFO - Loaded preferences, current scheme: no_romo
2025-12-17 20:38:56,869 - src.backend.app_backend - INFO - AppBackend initialized with all tools
2025-12-17 20:38:58,065 - __main__ - INFO - Application started successfully
2025-12-17 20:39:02,501 - src.backend.app_backend - INFO - Creating project: gt at /Users/eduardapolicarpo/Documents/TRANS_QML_Projects/gt
2025-12-17 20:39:02,506 - src.backend.app_backend - INFO - Saved 10 recent projects
2025-12-17 20:39:02,509 - src.backend.app_backend - INFO - Project created: gt (directories will be created on first output)
2025-12-17 20:39:21,681 - src.backend.preferences_manager - INFO - Preferences saved
2025-12-17 20:39:21,684 - src.backend.preferences_manager - INFO - Scheme changed to: blahaj_aesthetic
2025-12-17 20:39:24,428 - src.backend.preferences_manager - INFO - Preferences saved
2025-12-17 20:39:24,436 - src.backend.preferences_manager - INFO - Scheme changed to: sitting_weird
2025-12-17 20:39:27,595 - src.backend.preferences_manager - INFO - Preferences saved
2025-12-17 20:39:27,597 - src.backend.preferences_manager - INFO - Scheme changed to: uhaul_ready
2025-12-17 20:39:31,850 - src.backend.preferences_manager - INFO - Preferences saved
2025-12-17 20:39:31,851 - src.backend.preferences_manager - INFO - Scheme changed to: uhaul_ready
2025-12-17 20:39:32,714 - src.backend.preferences_manager - INFO - Preferences saved
2025-12-17 20:39:32,715 - src.backend.preferences_manager - INFO - Scheme changed to: uhaul_ready
2025-12-17 20:39:48,080 - src.backend.preferences_manager - INFO - Preferences saved
2025-12-17 20:39:48,083 - src.backend.preferences_manager - INFO - Scheme changed to: fruity_rainbow
2025-12-17 20:39:50,547 - src.backend.preferences_manager - INFO - Preferences saved
2025-12-17 20:39:50,552 - src.backend.preferences_manager - INFO - Scheme changed to: valid_vibing
2025-12-17 20:39:57,524 - src.backend.preferences_manager - INFO - Preferences saved
2025-12-17 20:39:57,526 - src.backend.preferences_manager - INFO - Scheme changed to: attracted_to_pans
2025-12-17 20:40:00,742 - src.backend.preferences_manager - INFO - Preferences saved
2025-12-17 20:40:00,744 - src.backend.preferences_manager - INFO - Scheme changed to: garlic_bread
2025-12-17 20:40:03,878 - src.backend.preferences_manager - INFO - Preferences saved
2025-12-17 20:40:03,880 - src.backend.preferences_manager - INFO - Scheme changed to: no_romo
2025-12-17 20:40:07,261 - src.backend.preferences_manager - INFO - Preferences saved
2025-12-17 20:40:07,263 - src.backend.preferences_manager - INFO - Scheme changed to: breaking_binary
2025-12-17 20:40:11,268 - src.backend.preferences_manager - INFO - Preferences saved
2025-12-17 20:40:11,270 - src.backend.preferences_manager - INFO - Scheme changed to: gender_who
2025-12-17 20:40:13,894 - src.backend.preferences_manager - INFO - Preferences saved
2025-12-17 20:40:13,895 - src.backend.preferences_manager - INFO - Scheme changed to: intersectional
2025-12-17 20:40:16,541 - src.backend.preferences_manager - INFO - Preferences saved
2025-12-17 20:40:16,544 - src.backend.preferences_manager - INFO - Scheme changed to: kitchen_table
2025-12-17 20:40:20,447 - src.backend.preferences_manager - INFO - Preferences saved
2025-12-17 20:40:20,450 - src.backend.preferences_manager - INFO - Scheme changed to: just_dark
2025-12-17 20:40:26,113 - src.backend.preferences_manager - INFO - Preferences saved
2025-12-17 20:40:26,116 - src.backend.preferences_manager - INFO - Scheme changed to: blahaj_light
2025-12-17 20:40:29,943 - src.backend.preferences_manager - INFO - Preferences saved
2025-12-17 20:40:29,945 - src.backend.preferences_manager - INFO - Scheme changed to: lemon_bar
2025-12-17 20:40:32,359 - src.backend.preferences_manager - INFO - Preferences saved
2025-12-17 20:40:32,362 - src.backend.preferences_manager - INFO - Scheme changed to: sunset_blvd
2025-12-17 20:40:34,699 - src.backend.preferences_manager - INFO - Preferences saved
2025-12-17 20:40:34,701 - src.backend.preferences_manager - INFO - Scheme changed to: sunshine_valid
2025-12-17 20:40:36,781 - src.backend.preferences_manager - INFO - Preferences saved
2025-12-17 20:40:36,784 - src.backend.preferences_manager - INFO - Scheme changed to: tropical_panch
2025-12-17 20:40:40,129 - src.backend.preferences_manager - INFO - Preferences saved
2025-12-17 20:40:40,133 - src.backend.preferences_manager - INFO - Scheme changed to: just_light
2025-12-17 20:40:42,263 - src.backend.preferences_manager - INFO - Preferences saved
2025-12-17 20:40:42,265 - src.backend.preferences_manager - INFO - Scheme changed to: rainbow_sherbet
2025-12-17 20:40:46,317 - src.backend.preferences_manager - INFO - Preferences saved
2025-12-17 20:40:46,318 - src.backend.preferences_manager - INFO - Scheme changed to: rainbow_sherbet
2025-12-17 20:41:33,689 - src.backend.app_backend - INFO - Closing all windows (0 open)
2025-12-17 20:41:33,691 - src.backend.app_backend - INFO - All windows closed
2025-12-17 20:41:33,702 - __main__ - INFO - === Application shutting down ===
2025-12-17 20:41:33,702 - __main__ - INFO - Closing 0 open windows...
2025-12-17 20:41:33,702 - __main__ - INFO - All windows closed
2025-12-17 20:41:33,702 - __main__ - INFO - Stopping worker thread...
2025-12-17 20:41:33,702 - src.backend.worker - INFO - PersistentWorker stop() called
2025-12-17 20:41:33,703 - src.backend.worker - INFO - PersistentWorker stop signal sent
2025-12-17 20:41:33,703 - src.backend.worker - INFO - PersistentWorker thread stopped
2025-12-17 20:41:33,703 - __main__ - INFO - Worker thread stopped
2025-12-17 20:41:33,703 - __main__ - INFO - === Cleanup complete ===
2025-12-17 20:41:33,704 - __main__ - INFO - Application event loop exited with code 0
2025-12-17 20:41:47,425 - __main__ - INFO - Starting TRANS-QML Application
2025-12-17 20:41:47,779 - __main__ - INFO - macOS application name set via NSBundle
2025-12-17 20:41:48,569 - __main__ - INFO - Application icon set: /Users/eduardapolicarpo/Documents/Doutorado/TRANS_QML/icon.png
2025-12-17 20:41:48,600 - src.backend.app_backend - INFO - Loaded 10 recent projects
2025-12-17 20:41:48,601 - src.data_loaders.nanosurf_sts_enhanced - WARNING - Could not apply NSFopen patches: type object 'read' has no attribute 'read'
2025-12-17 20:41:48,602 - src.backend.app_backend - INFO - Nanosurf loader initialized
2025-12-17 20:41:48,603 - src.backend.app_backend - INFO - NeaSpec loader initialized
2025-12-17 20:41:48,604 - src.backend.app_backend - INFO - Omicron Matrix STS loader initialized
2025-12-17 20:41:48,604 - src.backend.app_backend - INFO - Omicron Flat image loader initialized
2025-12-17 20:41:48,605 - src.backend.worker - INFO - PersistentWorker initialized
2025-12-17 20:41:48,606 - src.backend.worker - INFO - WorkerManager initialized with persistent worker
2025-12-17 20:41:48,606 - src.backend.worker - INFO - PersistentWorker thread started
2025-12-17 20:41:48,607 - src.backend.dock_manager - INFO - DockManager initialized. Config dir: /Users/eduardapolicarpo/.trans_qml
2025-12-17 20:41:48,609 - src.backend.preferences_manager - INFO - Loaded preferences, current scheme: rainbow_sherbet
2025-12-17 20:41:48,610 - src.backend.app_backend - INFO - AppBackend initialized with all tools
2025-12-17 20:41:51,073 - __main__ - INFO - Application started successfully
2025-12-17 20:41:59,320 - src.backend.app_backend - INFO - Creating project: dcdcc at /Users/eduardapolicarpo/Documents/TRANS_QML_Projects/dcdcc
2025-12-17 20:41:59,324 - src.backend.app_backend - INFO - Saved 10 recent projects
2025-12-17 20:41:59,329 - src.backend.app_backend - INFO - Project created: dcdcc (directories will be created on first output)
2025-12-17 20:42:56,553 - src.backend.preferences_manager - INFO - Preferences saved
2025-12-17 20:42:56,559 - src.backend.preferences_manager - INFO - Scheme changed to: blahaj_aesthetic
2025-12-17 20:42:57,716 - src.backend.preferences_manager - INFO - Preferences saved
2025-12-17 20:42:57,717 - src.backend.preferences_manager - INFO - Scheme changed to: blahaj_aesthetic
2025-12-17 20:48:05,092 - src.backend.app_backend - INFO - Closing all windows (0 open)
2025-12-17 20:48:05,101 - src.backend.app_backend - INFO - All windows closed
2025-12-17 20:48:05,113 - __main__ - INFO - === Application shutting down ===
2025-12-17 20:48:05,114 - __main__ - INFO - Closing 0 open windows...
2025-12-17 20:48:05,114 - __main__ - INFO - All windows closed
2025-12-17 20:48:05,114 - __main__ - INFO - Stopping worker thread...
2025-12-17 20:48:05,114 - src.backend.worker - INFO - PersistentWorker stop() called
2025-12-17 20:48:05,114 - src.backend.worker - INFO - PersistentWorker stop signal sent
2025-12-17 20:48:05,115 - src.backend.worker - INFO - PersistentWorker thread stopped
2025-12-17 20:48:05,116 - __main__ - INFO - Worker thread stopped
2025-12-17 20:48:05,116 - __main__ - INFO - === Cleanup complete ===
2025-12-17 20:48:05,118 - __main__ - INFO - Application event loop exited with code 0
2025-12-17 20:52:43,756 - __main__ - INFO - Starting TRANS-QML Application
2025-12-17 20:52:43,996 - __main__ - INFO - macOS application name set via NSBundle
2025-12-17 20:52:44,666 - __main__ - INFO - Application icon set: /Users/eduardapolicarpo/Documents/Doutorado/TRANS_QML/icon.png
2025-12-17 20:52:44,715 - src.backend.app_backend - INFO - Loaded 10 recent projects
2025-12-17 20:52:44,716 - src.data_loaders.nanosurf_sts_enhanced - WARNING - Could not apply NSFopen patches: type object 'read' has no attribute 'read'
2025-12-17 20:52:44,716 - src.backend.app_backend - INFO - Nanosurf loader initialized
2025-12-17 20:52:44,716 - src.backend.app_backend - INFO - NeaSpec loader initialized
2025-12-17 20:52:44,716 - src.backend.app_backend - INFO - Omicron Matrix STS loader initialized
2025-12-17 20:52:44,717 - src.backend.app_backend - INFO - Omicron Flat image loader initialized
2025-12-17 20:52:44,717 - src.backend.worker - INFO - PersistentWorker initialized
2025-12-17 20:52:44,718 - src.backend.worker - INFO - WorkerManager initialized with persistent worker
2025-12-17 20:52:44,718 - src.backend.worker - INFO - PersistentWorker thread started
2025-12-17 20:52:44,719 - src.backend.dock_manager - INFO - DockManager initialized. Config dir: /Users/eduardapolicarpo/.trans_qml
2025-12-17 20:52:44,726 - src.backend.preferences_manager - INFO - Loaded preferences, current scheme: blahaj_aesthetic
2025-12-17 20:52:44,726 - src.backend.app_backend - INFO - AppBackend initialized with all tools
2025-12-17 20:52:46,346 - __main__ - INFO - Application started successfully
2025-12-17 20:52:53,111 - src.backend.app_backend - INFO - Creating project: jj at /Users/eduardapolicarpo/Documents/TRANS_QML_Projects/jj
2025-12-17 20:52:53,121 - src.backend.app_backend - INFO - Saved 10 recent projects
2025-12-17 20:52:53,125 - src.backend.app_backend - INFO - Project created: jj (directories will be created on first output)
2025-12-17 20:52:59,136 - src.backend.preferences_manager - INFO - Preferences saved
2025-12-17 20:52:59,140 - src.backend.preferences_manager - INFO - Scheme changed to: uhaul_ready
2025-12-17 20:53:01,697 - src.backend.preferences_manager - INFO - Preferences saved
2025-12-17 20:53:01,697 - src.backend.preferences_manager - INFO - Scheme changed to: uhaul_ready
2025-12-17 20:53:15,115 - src.backend.preferences_manager - INFO - Preferences saved
2025-12-17 20:53:15,123 - src.backend.preferences_manager - INFO - Scheme changed to: valid_vibing
2025-12-17 20:53:42,236 - src.backend.app_backend - INFO - Closing all windows (0 open)
2025-12-17 20:53:42,237 - src.backend.app_backend - INFO - All windows closed
2025-12-17 20:53:42,252 - __main__ - INFO - === Application shutting down ===
2025-12-17 20:53:42,252 - __main__ - INFO - Closing 0 open windows...
2025-12-17 20:53:42,252 - __main__ - INFO - All windows closed
2025-12-17 20:53:42,253 - __main__ - INFO - Stopping worker thread...
2025-12-17 20:53:42,253 - src.backend.worker - INFO - PersistentWorker stop() called
2025-12-17 20:53:42,253 - src.backend.worker - INFO - PersistentWorker stop signal sent
2025-12-17 20:53:42,254 - src.backend.worker - INFO - PersistentWorker thread stopped
2025-12-17 20:53:42,254 - __main__ - INFO - Worker thread stopped
2025-12-17 20:53:42,255 - __main__ - INFO - === Cleanup complete ===
2025-12-17 20:53:42,258 - __main__ - INFO - Application event loop exited with code 0
2025-12-17 21:17:32,957 - __main__ - INFO - Starting TRANS-QML Application
2025-12-17 21:17:33,310 - __main__ - INFO - macOS application name set via NSBundle
2025-12-17 21:17:34,087 - __main__ - INFO - Application icon set: /Users/eduardapolicarpo/Documents/Doutorado/TRANS_QML/icon.png
2025-12-17 21:17:34,140 - src.backend.app_backend - INFO - Loaded 10 recent projects
2025-12-17 21:17:34,141 - src.data_loaders.nanosurf_sts_enhanced - WARNING - Could not apply NSFopen patches: type object 'read' has no attribute 'read'
2025-12-17 21:17:34,141 - src.backend.app_backend - INFO - Nanosurf loader initialized
2025-12-17 21:17:34,141 - src.backend.app_backend - INFO - NeaSpec loader initialized
2025-12-17 21:17:34,141 - src.backend.app_backend - INFO - Omicron Matrix STS loader initialized
2025-12-17 21:17:34,141 - src.backend.app_backend - INFO - Omicron Flat image loader initialized
2025-12-17 21:17:34,141 - src.backend.worker - INFO - PersistentWorker initialized
2025-12-17 21:17:34,143 - src.backend.worker - INFO - WorkerManager initialized with persistent worker
2025-12-17 21:17:34,143 - src.backend.worker - INFO - PersistentWorker thread started
2025-12-17 21:17:34,144 - src.backend.dock_manager - INFO - DockManager initialized. Config dir: /Users/eduardapolicarpo/.trans_qml
2025-12-17 21:17:34,152 - src.backend.preferences_manager - INFO - Loaded preferences, current scheme: valid_vibing
2025-12-17 21:17:34,153 - src.backend.app_backend - INFO - AppBackend initialized with all tools
2025-12-17 21:17:36,199 - __main__ - INFO - Application started successfully
2025-12-17 21:25:57,691 - src.backend.app_backend - INFO - Creating project: kkkkk at /Users/eduardapolicarpo/Documents/TRANS_QML_Projects/kkkkk
2025-12-17 21:25:57,712 - src.backend.app_backend - INFO - Saved 10 recent projects
2025-12-17 21:25:57,719 - src.backend.app_backend - INFO - Project created: kkkkk (directories will be created on first output)
2025-12-17 21:27:37,327 - src.backend.app_backend - INFO - Closing all windows (0 open)
2025-12-17 21:27:37,328 - src.backend.app_backend - INFO - All windows closed
2025-12-17 21:27:37,338 - __main__ - INFO - === Application shutting down ===
2025-12-17 21:27:37,338 - __main__ - INFO - Closing 0 open windows...
2025-12-17 21:27:37,338 - __main__ - INFO - All windows closed
2025-12-17 21:27:37,339 - __main__ - INFO - Stopping worker thread...
2025-12-17 21:27:37,339 - src.backend.worker - INFO - PersistentWorker stop() called
2025-12-17 21:27:37,340 - src.backend.worker - INFO - PersistentWorker stop signal sent
2025-12-17 21:27:37,340 - src.backend.worker - INFO - PersistentWorker thread stopped
2025-12-17 21:27:37,341 - __main__ - INFO - Worker thread stopped
2025-12-17 21:27:37,341 - __main__ - INFO - === Cleanup complete ===
2025-12-17 21:27:37,341 - __main__ - INFO - Application event loop exited with code 0
2025-12-17 21:27:44,360 - __main__ - INFO - Starting TRANS-QML Application
2025-12-17 21:27:44,563 - __main__ - INFO - macOS application name set via NSBundle
2025-12-17 21:27:44,933 - __main__ - INFO - Application icon set: /Users/eduardapolicarpo/Documents/Doutorado/TRANS_QML/icon.png
2025-12-17 21:27:44,938 - src.backend.app_backend - INFO - Loaded 10 recent projects
2025-12-17 21:27:44,939 - src.data_loaders.nanosurf_sts_enhanced - WARNING - Could not apply NSFopen patches: type object 'read' has no attribute 'read'
2025-12-17 21:27:44,939 - src.backend.app_backend - INFO - Nanosurf loader initialized
2025-12-17 21:27:44,939 - src.backend.app_backend - INFO - NeaSpec loader initialized
2025-12-17 21:27:44,939 - src.backend.app_backend - INFO - Omicron Matrix STS loader initialized
2025-12-17 21:27:44,939 - src.backend.app_backend - INFO - Omicron Flat image loader initialized
2025-12-17 21:27:44,940 - src.backend.worker - INFO - PersistentWorker initialized
2025-12-17 21:27:44,940 - src.backend.worker - INFO - WorkerManager initialized with persistent worker
2025-12-17 21:27:44,940 - src.backend.worker - INFO - PersistentWorker thread started
2025-12-17 21:27:44,941 - src.backend.dock_manager - INFO - DockManager initialized. Config dir: /Users/eduardapolicarpo/.trans_qml
2025-12-17 21:27:44,943 - src.backend.preferences_manager - INFO - Loaded preferences, current scheme: valid_vibing
2025-12-17 21:27:44,944 - src.backend.app_backend - INFO - AppBackend initialized with all tools
2025-12-17 21:27:45,979 - __main__ - INFO - Application started successfully
2025-12-17 21:27:52,990 - src.backend.app_backend - INFO - Creating project: hhhgh at /Users/eduardapolicarpo/Documents/TRANS_QML_Projects/hhhgh
2025-12-17 21:27:53,015 - src.backend.app_backend - INFO - Saved 10 recent projects
2025-12-17 21:27:53,019 - src.backend.app_backend - INFO - Project created: hhhgh (directories will be created on first output)
2025-12-17 21:32:00,641 - src.backend.app_backend - INFO - Closing all windows (0 open)
2025-12-17 21:32:00,648 - src.backend.app_backend - INFO - All windows closed
2025-12-17 21:32:00,663 - __main__ - INFO - === Application shutting down ===
2025-12-17 21:32:00,663 - __main__ - INFO - Closing 0 open windows...
2025-12-17 21:32:00,663 - __main__ - INFO - All windows closed
2025-12-17 21:32:00,664 - __main__ - INFO - Stopping worker thread...
2025-12-17 21:32:00,664 - src.backend.worker - INFO - PersistentWorker stop() called
2025-12-17 21:32:00,664 - src.backend.worker - INFO - PersistentWorker stop signal sent
2025-12-17 21:32:00,664 - src.backend.worker - INFO - PersistentWorker thread stopped
2025-12-17 21:32:00,665 - __main__ - INFO - Worker thread stopped
2025-12-17 21:32:00,665 - __main__ - INFO - === Cleanup complete ===
2025-12-17 21:32:00,670 - __main__ - INFO - Application event loop exited with code 0
2025-12-17 21:32:10,185 - __main__ - INFO - Starting TRANS-QML Application
2025-12-17 21:32:10,500 - __main__ - INFO - macOS application name set via NSBundle
2025-12-17 21:32:10,987 - __main__ - INFO - Application icon set: /Users/eduardapolicarpo/Documents/Doutorado/TRANS_QML/icon.png
2025-12-17 21:32:10,999 - src.backend.app_backend - INFO - Loaded 10 recent projects
2025-12-17 21:32:11,002 - src.data_loaders.nanosurf_sts_enhanced - WARNING - Could not apply NSFopen patches: type object 'read' has no attribute 'read'
2025-12-17 21:32:11,003 - src.backend.app_backend - INFO - Nanosurf loader initialized
2025-12-17 21:32:11,003 - src.backend.app_backend - INFO - NeaSpec loader initialized
2025-12-17 21:32:11,003 - src.backend.app_backend - INFO - Omicron Matrix STS loader initialized
2025-12-17 21:32:11,003 - src.backend.app_backend - INFO - Omicron Flat image loader initialized
2025-12-17 21:32:11,003 - src.backend.worker - INFO - PersistentWorker initialized
2025-12-17 21:32:11,004 - src.backend.worker - INFO - WorkerManager initialized with persistent worker
2025-12-17 21:32:11,004 - src.backend.dock_manager - INFO - DockManager initialized. Config dir: /Users/eduardapolicarpo/.trans_qml
2025-12-17 21:32:11,005 - src.backend.worker - INFO - PersistentWorker thread started
2025-12-17 21:32:11,008 - src.backend.preferences_manager - INFO - Loaded preferences, current scheme: valid_vibing
2025-12-17 21:32:11,008 - src.backend.app_backend - INFO - AppBackend initialized with all tools
2025-12-17 21:32:12,332 - __main__ - INFO - Application started successfully
2025-12-17 21:32:16,983 - src.backend.app_backend - INFO - Creating project: dweew at /Users/eduardapolicarpo/Documents/TRANS_QML_Projects/dweew
2025-12-17 21:32:17,000 - src.backend.app_backend - INFO - Saved 10 recent projects
2025-12-17 21:32:17,003 - src.backend.app_backend - INFO - Project created: dweew (directories will be created on first output)
2025-12-17 21:34:38,992 - src.backend.preferences_manager - INFO - Preferences saved
2025-12-17 21:34:38,995 - src.backend.preferences_manager - INFO - Scheme changed to: blahaj_aesthetic
2025-12-17 21:34:45,556 - src.backend.preferences_manager - INFO - Preferences saved
2025-12-17 21:34:45,576 - src.backend.preferences_manager - INFO - Scheme changed to: just_light
2025-12-17 21:34:49,412 - src.backend.preferences_manager - INFO - Preferences saved
2025-12-17 21:34:49,413 - src.backend.preferences_manager - INFO - Scheme changed to: just_light
2025-12-17 21:36:52,021 - src.backend.app_backend - INFO - Closing all windows (0 open)
2025-12-17 21:36:52,024 - src.backend.app_backend - INFO - All windows closed
2025-12-17 21:36:52,034 - __main__ - INFO - === Application shutting down ===
2025-12-17 21:36:52,034 - __main__ - INFO - Closing 0 open windows...
2025-12-17 21:36:52,035 - __main__ - INFO - All windows closed
2025-12-17 21:36:52,035 - __main__ - INFO - Stopping worker thread...
2025-12-17 21:36:52,035 - src.backend.worker - INFO - PersistentWorker stop() called
2025-12-17 21:36:52,036 - src.backend.worker - INFO - PersistentWorker stop signal sent
2025-12-17 21:36:52,036 - src.backend.worker - INFO - PersistentWorker thread stopped
2025-12-17 21:36:52,037 - __main__ - INFO - Worker thread stopped
2025-12-17 21:36:52,037 - __main__ - INFO - === Cleanup complete ===
2025-12-17 21:36:52,038 - __main__ - INFO - Application event loop exited with code 0
2025-12-17 21:37:01,561 - __main__ - INFO - Starting TRANS-QML Application
2025-12-17 21:37:01,874 - __main__ - INFO - macOS application name set via NSBundle
2025-12-17 21:37:02,681 - __main__ - INFO - Application icon set: /Users/eduardapolicarpo/Documents/Doutorado/TRANS_QML/icon.png
2025-12-17 21:37:02,699 - src.backend.app_backend - INFO - Loaded 10 recent projects
2025-12-17 21:37:02,701 - src.data_loaders.nanosurf_sts_enhanced - WARNING - Could not apply NSFopen patches: type object 'read' has no attribute 'read'
2025-12-17 21:37:02,701 - src.backend.app_backend - INFO - Nanosurf loader initialized
2025-12-17 21:37:02,701 - src.backend.app_backend - INFO - NeaSpec loader initialized
2025-12-17 21:37:02,701 - src.backend.app_backend - INFO - Omicron Matrix STS loader initialized
2025-12-17 21:37:02,702 - src.backend.app_backend - INFO - Omicron Flat image loader initialized
2025-12-17 21:37:02,703 - src.backend.worker - INFO - PersistentWorker initialized
2025-12-17 21:37:02,703 - src.backend.worker - INFO - WorkerManager initialized with persistent worker
2025-12-17 21:37:02,705 - src.backend.dock_manager - INFO - DockManager initialized. Config dir: /Users/eduardapolicarpo/.trans_qml
2025-12-17 21:37:02,708 - src.backend.worker - INFO - PersistentWorker thread started
2025-12-17 21:37:02,718 - src.backend.preferences_manager - INFO - Loaded preferences, current scheme: just_light
2025-12-17 21:37:02,718 - src.backend.app_backend - INFO - AppBackend initialized with all tools
2025-12-17 21:37:04,780 - __main__ - INFO - Application started successfully
2025-12-17 21:37:16,564 - src.backend.app_backend - INFO - Creating project: iiiiiiii at /Users/eduardapolicarpo/Documents/TRANS_QML_Projects/iiiiiiii
2025-12-17 21:37:16,577 - src.backend.app_backend - INFO - Saved 10 recent projects
2025-12-17 21:37:16,581 - src.backend.app_backend - INFO - Project created: iiiiiiii (directories will be created on first output)
2025-12-17 21:37:21,084 - src.backend.workflow_manager - INFO - Created workflow: New Workflow (ID: 40660599)
2025-12-17 21:37:40,180 - src.backend.workflow_manager - INFO - Added node Map to workflow New Workflow
2025-12-17 21:44:16,602 - __main__ - INFO - Starting TRANS-QML Application
2025-12-17 21:44:16,817 - __main__ - INFO - macOS application name set via NSBundle
2025-12-17 21:44:17,485 - __main__ - INFO - Application icon set: /Users/eduardapolicarpo/Documents/Doutorado/TRANS_QML/icon.png
2025-12-17 21:44:17,548 - src.backend.app_backend - INFO - Loaded 10 recent projects
2025-12-17 21:44:17,549 - src.data_loaders.nanosurf_sts_enhanced - WARNING - Could not apply NSFopen patches: type object 'read' has no attribute 'read'
2025-12-17 21:44:17,549 - src.backend.app_backend - INFO - Nanosurf loader initialized
2025-12-17 21:44:17,549 - src.backend.app_backend - INFO - NeaSpec loader initialized
2025-12-17 21:44:17,549 - src.backend.app_backend - INFO - Omicron Matrix STS loader initialized
2025-12-17 21:44:17,549 - src.backend.app_backend - INFO - Omicron Flat image loader initialized
2025-12-17 21:44:17,557 - src.backend.worker - INFO - PersistentWorker initialized
2025-12-17 21:44:17,561 - src.backend.worker - INFO - WorkerManager initialized with persistent worker
2025-12-17 21:44:17,564 - src.backend.dock_manager - INFO - DockManager initialized. Config dir: /Users/eduardapolicarpo/.trans_qml
2025-12-17 21:44:17,564 - src.backend.worker - INFO - PersistentWorker thread started
2025-12-17 21:44:17,568 - src.backend.preferences_manager - INFO - Loaded preferences, current scheme: just_light
2025-12-17 21:44:17,569 - src.backend.app_backend - INFO - AppBackend initialized with all tools
2025-12-17 21:44:19,069 - __main__ - INFO - Application started successfully
2025-12-17 21:44:30,713 - src.backend.app_backend - INFO - Creating project: jujuu at /Users/eduardapolicarpo/Documents/TRANS_QML_Projects/jujuu
2025-12-17 21:44:30,738 - src.backend.app_backend - INFO - Saved 10 recent projects
2025-12-17 21:44:30,745 - src.backend.app_backend - INFO - Project created: jujuu (directories will be created on first output)
2025-12-17 21:45:22,269 - src.backend.workflow_manager - INFO - Created workflow: New Workflow (ID: 72cf7421)
2025-12-17 21:45:23,794 - src.backend.workflow_manager - INFO - Added node Image Smoothing to workflow New Workflow
2025-12-17 21:48:59,434 - __main__ - INFO - Starting TRANS-QML Application
2025-12-17 21:48:59,670 - __main__ - INFO - macOS application name set via NSBundle
2025-12-17 21:49:00,225 - __main__ - INFO - Application icon set: /Users/eduardapolicarpo/Documents/Doutorado/TRANS_QML/icon.png
2025-12-17 21:49:00,369 - src.backend.app_backend - INFO - Loaded 10 recent projects
2025-12-17 21:49:00,370 - src.data_loaders.nanosurf_sts_enhanced - WARNING - Could not apply NSFopen patches: type object 'read' has no attribute 'read'
2025-12-17 21:49:00,370 - src.backend.app_backend - INFO - Nanosurf loader initialized
2025-12-17 21:49:00,370 - src.backend.app_backend - INFO - NeaSpec loader initialized
2025-12-17 21:49:00,370 - src.backend.app_backend - INFO - Omicron Matrix STS loader initialized
2025-12-17 21:49:00,370 - src.backend.app_backend - INFO - Omicron Flat image loader initialized
2025-12-17 21:49:00,371 - src.backend.worker - INFO - PersistentWorker initialized
2025-12-17 21:49:00,378 - src.backend.worker - INFO - WorkerManager initialized with persistent worker
2025-12-17 21:49:00,378 - src.backend.worker - INFO - PersistentWorker thread started
2025-12-17 21:49:00,381 - src.backend.dock_manager - INFO - DockManager initialized. Config dir: /Users/eduardapolicarpo/.trans_qml
2025-12-17 21:49:00,391 - src.backend.preferences_manager - INFO - Loaded preferences, current scheme: just_light
2025-12-17 21:49:00,391 - src.backend.app_backend - INFO - AppBackend initialized with all tools
2025-12-17 21:49:02,440 - __main__ - INFO - Application started successfully
2025-12-17 21:49:06,597 - src.backend.app_backend - INFO - Creating project: ggjyggy at /Users/eduardapolicarpo/Documents/TRANS_QML_Projects/ggjyggy
2025-12-17 21:49:06,616 - src.backend.app_backend - INFO - Saved 10 recent projects
2025-12-17 21:49:06,622 - src.backend.app_backend - INFO - Project created: ggjyggy (directories will be created on first output)
2025-12-17 21:49:10,774 - src.backend.workflow_manager - INFO - Created workflow: New Workflow (ID: 56b176ff)
2025-12-17 21:49:12,054 - src.backend.workflow_manager - INFO - Added node Gradient to workflow New Workflow
2025-12-17 21:49:13,872 - src.backend.workflow_manager - INFO - Added node Map Median Filter to workflow New Workflow
2025-12-17 21:49:20,663 - src.backend.workflow_manager - INFO - Added node Dataset to workflow New Workflow
2025-12-17 21:49:26,787 - src.backend.workflow_manager - INFO - Added node Truncate to workflow New Workflow
2025-12-17 21:49:29,413 - src.backend.workflow_manager - INFO - Added connection in workflow New Workflow
2025-12-17 21:52:45,269 - src.backend.preferences_manager - INFO - Preferences saved
2025-12-17 21:52:45,273 - src.backend.preferences_manager - INFO - Scheme changed to: sitting_weird
2025-12-17 21:52:47,270 - src.backend.preferences_manager - INFO - Preferences saved
2025-12-17 21:52:47,271 - src.backend.preferences_manager - INFO - Scheme changed to: sitting_weird
2025-12-17 21:58:55,624 - src.backend.workflow_manager - INFO - Created workflow: New Workflow (ID: 81096fe6)
2025-12-17 21:58:59,009 - src.backend.workflow_manager - INFO - Added node Peak Finder to workflow New Workflow
2025-12-17 22:01:50,323 - src.backend.app_backend - INFO - Closing all windows (0 open)
2025-12-17 22:01:50,324 - src.backend.app_backend - INFO - All windows closed
2025-12-17 22:01:50,341 - __main__ - INFO - === Application shutting down ===
2025-12-17 22:01:50,341 - __main__ - INFO - Closing 0 open windows...
2025-12-17 22:01:50,341 - __main__ - INFO - All windows closed
2025-12-17 22:01:50,341 - __main__ - INFO - Stopping worker thread...
2025-12-17 22:01:50,341 - src.backend.worker - INFO - PersistentWorker stop() called
2025-12-17 22:01:50,342 - src.backend.worker - INFO - PersistentWorker stop signal sent
2025-12-17 22:01:50,342 - src.backend.worker - INFO - PersistentWorker thread stopped
2025-12-17 22:01:50,342 - __main__ - INFO - Worker thread stopped
2025-12-17 22:01:50,343 - __main__ - INFO - === Cleanup complete ===
2025-12-17 22:01:50,343 - __main__ - INFO - Application event loop exited with code 0
2025-12-17 22:01:57,041 - __main__ - INFO - Starting TRANS-QML Application
2025-12-17 22:01:57,220 - __main__ - INFO - macOS application name set via NSBundle
2025-12-17 22:01:57,581 - __main__ - INFO - Application icon set: /Users/eduardapolicarpo/Documents/Doutorado/TRANS_QML/icon.png
2025-12-17 22:01:57,594 - src.backend.app_backend - INFO - Loaded 10 recent projects
2025-12-17 22:01:57,596 - src.data_loaders.nanosurf_sts_enhanced - WARNING - Could not apply NSFopen patches: type object 'read' has no attribute 'read'
2025-12-17 22:01:57,597 - src.backend.app_backend - INFO - Nanosurf loader initialized
2025-12-17 22:01:57,597 - src.backend.app_backend - INFO - NeaSpec loader initialized
2025-12-17 22:01:57,597 - src.backend.app_backend - INFO - Omicron Matrix STS loader initialized
2025-12-17 22:01:57,597 - src.backend.app_backend - INFO - Omicron Flat image loader initialized
2025-12-17 22:01:57,598 - src.backend.worker - INFO - PersistentWorker initialized
2025-12-17 22:01:57,598 - src.backend.worker - INFO - WorkerManager initialized with persistent worker
2025-12-17 22:01:57,599 - src.backend.worker - INFO - PersistentWorker thread started
2025-12-17 22:01:57,600 - src.backend.dock_manager - INFO - DockManager initialized. Config dir: /Users/eduardapolicarpo/.trans_qml
2025-12-17 22:01:57,601 - src.backend.preferences_manager - INFO - Loaded preferences, current scheme: sitting_weird
2025-12-17 22:01:57,601 - src.backend.app_backend - INFO - AppBackend initialized with all tools
2025-12-17 22:01:58,401 - __main__ - INFO - Application started successfully
2025-12-17 22:03:30,558 - src.backend.app_backend - INFO - Creating project: ooo at /Users/eduardapolicarpo/Documents/TRANS_QML_Projects/ooo
2025-12-17 22:03:30,598 - src.backend.app_backend - INFO - Saved 10 recent projects
2025-12-17 22:03:30,601 - src.backend.app_backend - INFO - Project created: ooo (directories will be created on first output)
2025-12-17 22:03:31,989 - src.backend.workflow_manager - INFO - Created workflow: New Workflow (ID: ff7e6735)
2025-12-17 22:09:49,046 - src.backend.preferences_manager - INFO - Preferences saved
2025-12-17 22:09:49,050 - src.backend.preferences_manager - INFO - Scheme changed to: blahaj_aesthetic
2025-12-17 22:10:02,697 - src.backend.preferences_manager - INFO - Preferences saved
2025-12-17 22:10:02,705 - src.backend.preferences_manager - INFO - Scheme changed to: valid_vibing
2025-12-17 22:12:17,679 - src.backend.app_backend - INFO - Closing all windows (0 open)
2025-12-17 22:12:17,679 - src.backend.app_backend - INFO - All windows closed
2025-12-17 22:12:17,686 - __main__ - INFO - === Application shutting down ===
2025-12-17 22:12:17,686 - __main__ - INFO - Closing 0 open windows...
2025-12-17 22:12:17,686 - __main__ - INFO - All windows closed
2025-12-17 22:12:17,686 - __main__ - INFO - Stopping worker thread...
2025-12-17 22:12:17,686 - src.backend.worker - INFO - PersistentWorker stop() called
2025-12-17 22:12:17,687 - src.backend.worker - INFO - PersistentWorker stop signal sent
2025-12-17 22:12:17,687 - src.backend.worker - INFO - PersistentWorker thread stopped
2025-12-17 22:12:17,687 - __main__ - INFO - Worker thread stopped
2025-12-17 22:12:17,687 - __main__ - INFO - === Cleanup complete ===
2025-12-17 22:12:17,690 - __main__ - INFO - Application event loop exited with code 0
2025-12-17 22:12:26,253 - __main__ - INFO - Starting TRANS-QML Application
2025-12-17 22:12:26,506 - __main__ - INFO - macOS application name set via NSBundle
2025-12-17 22:12:26,941 - __main__ - INFO - Application icon set: /Users/eduardapolicarpo/Documents/Doutorado/TRANS_QML/icon.png
2025-12-17 22:12:26,951 - src.backend.app_backend - INFO - Loaded 10 recent projects
2025-12-17 22:12:26,953 - src.data_loaders.nanosurf_sts_enhanced - WARNING - Could not apply NSFopen patches: type object 'read' has no attribute 'read'
2025-12-17 22:12:26,953 - src.backend.app_backend - INFO - Nanosurf loader initialized
2025-12-17 22:12:26,954 - src.backend.app_backend - INFO - NeaSpec loader initialized
2025-12-17 22:12:26,954 - src.backend.app_backend - INFO - Omicron Matrix STS loader initialized
2025-12-17 22:12:26,954 - src.backend.app_backend - INFO - Omicron Flat image loader initialized
2025-12-17 22:12:26,954 - src.backend.worker - INFO - PersistentWorker initialized
2025-12-17 22:12:26,954 - src.backend.worker - INFO - WorkerManager initialized with persistent worker
2025-12-17 22:12:26,954 - src.backend.worker - INFO - PersistentWorker thread started
2025-12-17 22:12:26,956 - src.backend.dock_manager - INFO - DockManager initialized. Config dir: /Users/eduardapolicarpo/.trans_qml
2025-12-17 22:12:26,958 - src.backend.preferences_manager - INFO - Loaded preferences, current scheme: valid_vibing
2025-12-17 22:12:26,958 - src.backend.app_backend - INFO - AppBackend initialized with all tools
2025-12-17 22:12:28,234 - __main__ - INFO - Application started successfully
2025-12-17 22:12:44,135 - src.backend.app_backend - INFO - Creating project: xxx at /Users/eduardapolicarpo/Documents/TRANS_QML_Projects/xxx
2025-12-17 22:12:44,144 - src.backend.app_backend - INFO - Saved 10 recent projects
2025-12-17 22:12:44,147 - src.backend.app_backend - INFO - Project created: xxx (directories will be created on first output)
2025-12-17 22:12:45,829 - src.backend.workflow_manager - INFO - Created workflow: New Workflow (ID: dc623aae)
2025-12-17 22:13:00,002 - src.backend.workflow_manager - INFO - Added node Gradient to workflow New Workflow
2025-12-17 22:55:09,505 - __main__ - INFO - Starting TRANS-QML Application
2025-12-17 22:55:10,576 - __main__ - INFO - macOS application name set via NSBundle
2025-12-17 22:55:12,265 - __main__ - INFO - Application icon set: /Users/eduardapolicarpo/Documents/Doutorado/TRANS_QML/icon.png
2025-12-17 22:55:12,429 - src.backend.app_backend - INFO - Loaded 10 recent projects
2025-12-17 22:55:12,432 - src.data_loaders.nanosurf_sts_enhanced - WARNING - Could not apply NSFopen patches: type object 'read' has no attribute 'read'
2025-12-17 22:55:12,433 - src.backend.app_backend - INFO - Nanosurf loader initialized
2025-12-17 22:55:12,434 - src.backend.app_backend - INFO - NeaSpec loader initialized
2025-12-17 22:55:12,434 - src.backend.app_backend - INFO - Omicron Matrix STS loader initialized
2025-12-17 22:55:12,434 - src.backend.app_backend - INFO - Omicron Flat image loader initialized
2025-12-17 22:55:12,435 - src.backend.worker - INFO - PersistentWorker initialized
2025-12-17 22:55:12,437 - src.backend.worker - INFO - WorkerManager initialized with persistent worker
2025-12-17 22:55:12,437 - src.backend.worker - INFO - PersistentWorker thread started
2025-12-17 22:55:12,439 - src.backend.dock_manager - INFO - DockManager initialized. Config dir: /Users/eduardapolicarpo/.trans_qml
2025-12-17 22:55:12,443 - src.backend.preferences_manager - INFO - Loaded preferences, current scheme: valid_vibing
2025-12-17 22:55:12,443 - src.backend.app_backend - INFO - AppBackend initialized with all tools
2025-12-17 22:55:18,764 - __main__ - INFO - Application started successfully
2025-12-17 22:55:27,360 - src.backend.app_backend - INFO - Creating project: vvvv at /Users/eduardapolicarpo/Documents/TRANS_QML_Projects/vvvv
2025-12-17 22:55:27,405 - src.backend.app_backend - INFO - Saved 10 recent projects
2025-12-17 22:55:27,418 - src.backend.app_backend - INFO - Project created: vvvv (directories will be created on first output)
2025-12-17 22:55:30,298 - src.backend.workflow_manager - INFO - Created workflow: New Workflow (ID: f8c9bcb4)
2025-12-17 22:55:33,026 - src.backend.workflow_manager - INFO - Added node Map Median Filter to workflow New Workflow
2025-12-17 22:55:38,044 - src.backend.workflow_manager - INFO - Added node Image Discretizer to workflow New Workflow
2025-12-17 22:55:46,280 - src.backend.workflow_manager - INFO - Added node Derivative to workflow New Workflow
2025-12-17 22:57:05,394 - src.backend.app_backend - INFO - Closing all windows (0 open)
2025-12-17 22:57:05,396 - src.backend.app_backend - INFO - All windows closed
2025-12-17 22:57:05,410 - __main__ - INFO - === Application shutting down ===
2025-12-17 22:57:05,410 - __main__ - INFO - Closing 0 open windows...
2025-12-17 22:57:05,410 - __main__ - INFO - All windows closed
2025-12-17 22:57:05,411 - __main__ - INFO - Stopping worker thread...
2025-12-17 22:57:05,411 - src.backend.worker - INFO - PersistentWorker stop() called
2025-12-17 22:57:05,411 - src.backend.worker - INFO - PersistentWorker stop signal sent
2025-12-17 22:57:05,412 - src.backend.worker - INFO - PersistentWorker thread stopped
2025-12-17 22:57:05,413 - __main__ - INFO - Worker thread stopped
2025-12-17 22:57:05,413 - __main__ - INFO - === Cleanup complete ===
2025-12-17 22:57:05,414 - __main__ - INFO - Application event loop exited with code 0
2025-12-17 22:57:15,566 - __main__ - INFO - Starting TRANS-QML Application
2025-12-17 22:57:15,968 - __main__ - INFO - macOS application name set via NSBundle
2025-12-17 22:57:17,058 - __main__ - INFO - Application icon set: /Users/eduardapolicarpo/Documents/Doutorado/TRANS_QML/icon.png
2025-12-17 22:57:17,075 - src.backend.app_backend - INFO - Loaded 10 recent projects
2025-12-17 22:57:17,078 - src.data_loaders.nanosurf_sts_enhanced - WARNING - Could not apply NSFopen patches: type object 'read' has no attribute 'read'
2025-12-17 22:57:17,079 - src.backend.app_backend - INFO - Nanosurf loader initialized
2025-12-17 22:57:17,079 - src.backend.app_backend - INFO - NeaSpec loader initialized
2025-12-17 22:57:17,080 - src.backend.app_backend - INFO - Omicron Matrix STS loader initialized
2025-12-17 22:57:17,080 - src.backend.app_backend - INFO - Omicron Flat image loader initialized
2025-12-17 22:57:17,082 - src.backend.worker - INFO - PersistentWorker initialized
2025-12-17 22:57:17,084 - src.backend.worker - INFO - WorkerManager initialized with persistent worker
2025-12-17 22:57:17,086 - src.backend.worker - INFO - PersistentWorker thread started
2025-12-17 22:57:17,086 - src.backend.dock_manager - INFO - DockManager initialized. Config dir: /Users/eduardapolicarpo/.trans_qml
2025-12-17 22:57:17,090 - src.backend.preferences_manager - INFO - Loaded preferences, current scheme: valid_vibing
2025-12-17 22:57:17,091 - src.backend.app_backend - INFO - AppBackend initialized with all tools
2025-12-17 22:57:20,196 - __main__ - INFO - Application started successfully
2025-12-17 22:57:26,009 - src.backend.app_backend - INFO - Creating project: llllll at /Users/eduardapolicarpo/Documents/TRANS_QML_Projects/llllll
2025-12-17 22:57:26,021 - src.backend.app_backend - INFO - Saved 10 recent projects
2025-12-17 22:57:26,029 - src.backend.app_backend - INFO - Project created: llllll (directories will be created on first output)
2025-12-17 22:57:32,598 - src.backend.workflow_manager - INFO - Created workflow: New Workflow (ID: 3fa024c0)
2025-12-17 22:57:36,105 - src.backend.workflow_manager - INFO - Added node Map Plane Level to workflow New Workflow
2025-12-17 22:58:17,935 - src.backend.workflow_manager - INFO - Added node Integration to workflow New Workflow
2025-12-17 22:59:30,524 - src.backend.preferences_manager - INFO - Preferences saved
2025-12-17 22:59:30,530 - src.backend.preferences_manager - INFO - Scheme changed to: uhaul_ready
2025-12-17 22:59:31,964 - src.backend.preferences_manager - INFO - Preferences saved
2025-12-17 22:59:31,965 - src.backend.preferences_manager - INFO - Scheme changed to: uhaul_ready
2025-12-17 23:00:23,457 - src.backend.app_backend - INFO - Closing all windows (0 open)
2025-12-17 23:00:23,457 - src.backend.app_backend - INFO - All windows closed
2025-12-17 23:00:23,465 - __main__ - INFO - === Application shutting down ===
2025-12-17 23:00:23,465 - __main__ - INFO - Closing 0 open windows...
2025-12-17 23:00:23,465 - __main__ - INFO - All windows closed
2025-12-17 23:00:23,465 - __main__ - INFO - Stopping worker thread...
2025-12-17 23:00:23,465 - src.backend.worker - INFO - PersistentWorker stop() called
2025-12-17 23:00:23,465 - src.backend.worker - INFO - PersistentWorker stop signal sent
2025-12-17 23:00:23,466 - src.backend.worker - INFO - PersistentWorker thread stopped
2025-12-17 23:00:23,466 - __main__ - INFO - Worker thread stopped
2025-12-17 23:00:23,467 - __main__ - INFO - === Cleanup complete ===
2025-12-17 23:00:23,472 - __main__ - INFO - Application event loop exited with code 0
2025-12-17 23:01:06,535 - __main__ - INFO - Starting TRANS-QML Application
2025-12-17 23:01:07,165 - __main__ - INFO - macOS application name set via NSBundle
2025-12-17 23:01:08,576 - __main__ - INFO - Application icon set: /Users/eduardapolicarpo/Documents/Doutorado/TRANS_QML/icon.png
2025-12-17 23:01:08,604 - src.backend.app_backend - INFO - Loaded 10 recent projects
2025-12-17 23:01:08,605 - src.data_loaders.nanosurf_sts_enhanced - WARNING - Could not apply NSFopen patches: type object 'read' has no attribute 'read'
2025-12-17 23:01:08,605 - src.backend.app_backend - INFO - Nanosurf loader initialized
2025-12-17 23:01:08,606 - src.backend.app_backend - INFO - NeaSpec loader initialized
2025-12-17 23:01:08,606 - src.backend.app_backend - INFO - Omicron Matrix STS loader initialized
2025-12-17 23:01:08,607 - src.backend.app_backend - INFO - Omicron Flat image loader initialized
2025-12-17 23:01:08,607 - src.backend.worker - INFO - PersistentWorker initialized
2025-12-17 23:01:08,608 - src.backend.worker - INFO - WorkerManager initialized with persistent worker
2025-12-17 23:01:08,609 - src.backend.worker - INFO - PersistentWorker thread started
2025-12-17 23:01:08,611 - src.backend.dock_manager - INFO - DockManager initialized. Config dir: /Users/eduardapolicarpo/.trans_qml
2025-12-17 23:01:08,614 - src.backend.preferences_manager - INFO - Loaded preferences, current scheme: uhaul_ready
2025-12-17 23:01:08,614 - src.backend.app_backend - INFO - AppBackend initialized with all tools
2025-12-17 23:01:12,201 - __main__ - INFO - Application started successfully
2025-12-17 23:01:19,159 - src.backend.app_backend - INFO - Creating project: uuuu at /Users/eduardapolicarpo/Documents/TRANS_QML_Projects/uuuu
2025-12-17 23:01:19,166 - src.backend.app_backend - INFO - Saved 10 recent projects
2025-12-17 23:01:19,178 - src.backend.app_backend - INFO - Project created: uuuu (directories will be created on first output)
2025-12-17 23:01:22,846 - src.backend.workflow_manager - INFO - Created workflow: New Workflow (ID: 0abfe824)
2025-12-17 23:01:45,222 - src.backend.workflow_manager - INFO - Added node Integration to workflow New Workflow
2025-12-17 23:01:51,602 - src.backend.workflow_manager - INFO - Added node Spatial Average to workflow New Workflow
2025-12-17 23:01:55,808 - src.backend.workflow_manager - INFO - Added node Map to workflow New Workflow
2025-12-17 23:02:13,586 - src.backend.workflow_manager - INFO - Added node Peak Finder to workflow New Workflow
2025-12-17 23:02:17,242 - src.backend.workflow_manager - INFO - Added node Image Smoothing to workflow New Workflow
2025-12-17 23:02:36,700 - src.backend.workflow_manager - INFO - Added node FFT to workflow New Workflow
2025-12-17 23:03:09,385 - src.backend.app_backend - INFO - Closing all windows (0 open)
2025-12-17 23:03:09,385 - src.backend.app_backend - INFO - All windows closed
2025-12-17 23:03:09,392 - __main__ - INFO - === Application shutting down ===
2025-12-17 23:03:09,392 - __main__ - INFO - Closing 0 open windows...
2025-12-17 23:03:09,392 - __main__ - INFO - All windows closed
2025-12-17 23:03:09,392 - __main__ - INFO - Stopping worker thread...
2025-12-17 23:03:09,392 - src.backend.worker - INFO - PersistentWorker stop() called
2025-12-17 23:03:09,392 - src.backend.worker - INFO - PersistentWorker stop signal sent
2025-12-17 23:03:09,393 - src.backend.worker - INFO - PersistentWorker thread stopped
2025-12-17 23:03:09,393 - __main__ - INFO - Worker thread stopped
2025-12-17 23:03:09,393 - __main__ - INFO - === Cleanup complete ===
2025-12-17 23:03:09,393 - __main__ - INFO - Application event loop exited with code 0
2025-12-17 23:03:23,243 - __main__ - INFO - Starting TRANS-QML Application
2025-12-17 23:03:23,481 - __main__ - INFO - macOS application name set via NSBundle
2025-12-17 23:03:23,935 - __main__ - INFO - Application icon set: /Users/eduardapolicarpo/Documents/Doutorado/TRANS_QML/icon.png
2025-12-17 23:03:23,942 - src.backend.app_backend - INFO - Loaded 10 recent projects
2025-12-17 23:03:23,943 - src.data_loaders.nanosurf_sts_enhanced - WARNING - Could not apply NSFopen patches: type object 'read' has no attribute 'read'
2025-12-17 23:03:23,943 - src.backend.app_backend - INFO - Nanosurf loader initialized
2025-12-17 23:03:23,943 - src.backend.app_backend - INFO - NeaSpec loader initialized
2025-12-17 23:03:23,943 - src.backend.app_backend - INFO - Omicron Matrix STS loader initialized
2025-12-17 23:03:23,943 - src.backend.app_backend - INFO - Omicron Flat image loader initialized
2025-12-17 23:03:23,944 - src.backend.worker - INFO - PersistentWorker initialized
2025-12-17 23:03:23,944 - src.backend.worker - INFO - WorkerManager initialized with persistent worker
2025-12-17 23:03:23,944 - src.backend.worker - INFO - PersistentWorker thread started
2025-12-17 23:03:23,945 - src.backend.dock_manager - INFO - DockManager initialized. Config dir: /Users/eduardapolicarpo/.trans_qml
2025-12-17 23:03:23,949 - src.backend.preferences_manager - INFO - Loaded preferences, current scheme: uhaul_ready
2025-12-17 23:03:23,949 - src.backend.app_backend - INFO - AppBackend initialized with all tools
2025-12-17 23:03:24,854 - __main__ - INFO - Application started successfully
2025-12-17 23:03:30,473 - src.backend.app_backend - INFO - Creating project: kkkkk at /Users/eduardapolicarpo/Documents/TRANS_QML_Projects/kkkkk
2025-12-17 23:03:30,476 - src.backend.app_backend - INFO - Saved 10 recent projects
2025-12-17 23:03:30,478 - src.backend.app_backend - INFO - Project created: kkkkk (directories will be created on first output)
2025-12-17 23:03:33,562 - src.backend.workflow_manager - INFO - Created workflow: New Workflow (ID: dca26b31)
2025-12-17 23:03:36,597 - src.backend.workflow_manager - INFO - Added node Gradient to workflow New Workflow
2025-12-17 23:04:21,100 - src.backend.app_backend - INFO - Closing all windows (0 open)
2025-12-17 23:04:21,102 - src.backend.app_backend - INFO - All windows closed
2025-12-17 23:04:21,110 - __main__ - INFO - === Application shutting down ===
2025-12-17 23:04:21,110 - __main__ - INFO - Closing 0 open windows...
2025-12-17 23:04:21,110 - __main__ - INFO - All windows closed
2025-12-17 23:04:21,110 - __main__ - INFO - Stopping worker thread...
2025-12-17 23:04:21,111 - src.backend.worker - INFO - PersistentWorker stop() called
2025-12-17 23:04:21,111 - src.backend.worker - INFO - PersistentWorker stop signal sent
2025-12-17 23:04:21,111 - src.backend.worker - INFO - PersistentWorker thread stopped
2025-12-17 23:04:21,111 - __main__ - INFO - Worker thread stopped
2025-12-17 23:04:21,111 - __main__ - INFO - === Cleanup complete ===
2025-12-17 23:04:21,113 - __main__ - INFO - Application event loop exited with code 0
2025-12-17 23:04:29,744 - __main__ - INFO - Starting TRANS-QML Application
2025-12-17 23:04:29,975 - __main__ - INFO - macOS application name set via NSBundle
2025-12-17 23:04:30,345 - __main__ - INFO - Application icon set: /Users/eduardapolicarpo/Documents/Doutorado/TRANS_QML/icon.png
2025-12-17 23:04:30,350 - src.backend.app_backend - INFO - Loaded 10 recent projects
2025-12-17 23:04:30,351 - src.data_loaders.nanosurf_sts_enhanced - WARNING - Could not apply NSFopen patches: type object 'read' has no attribute 'read'
2025-12-17 23:04:30,351 - src.backend.app_backend - INFO - Nanosurf loader initialized
2025-12-17 23:04:30,351 - src.backend.app_backend - INFO - NeaSpec loader initialized
2025-12-17 23:04:30,351 - src.backend.app_backend - INFO - Omicron Matrix STS loader initialized
2025-12-17 23:04:30,351 - src.backend.app_backend - INFO - Omicron Flat image loader initialized
2025-12-17 23:04:30,351 - src.backend.worker - INFO - PersistentWorker initialized
2025-12-17 23:04:30,352 - src.backend.worker - INFO - WorkerManager initialized with persistent worker
2025-12-17 23:04:30,352 - src.backend.dock_manager - INFO - DockManager initialized. Config dir: /Users/eduardapolicarpo/.trans_qml
2025-12-17 23:04:30,352 - src.backend.worker - INFO - PersistentWorker thread started
2025-12-17 23:04:30,354 - src.backend.preferences_manager - INFO - Loaded preferences, current scheme: uhaul_ready
2025-12-17 23:04:30,355 - src.backend.app_backend - INFO - AppBackend initialized with all tools
2025-12-17 23:04:31,300 - __main__ - INFO - Application started successfully
2025-12-17 23:04:36,372 - src.backend.app_backend - INFO - Creating project: ,kkkkkk at /Users/eduardapolicarpo/Documents/TRANS_QML_Projects/,kkkkkk
2025-12-17 23:04:36,374 - src.backend.app_backend - INFO - Saved 10 recent projects
2025-12-17 23:04:36,377 - src.backend.app_backend - INFO - Project created: ,kkkkkk (directories will be created on first output)
2025-12-17 23:04:40,830 - src.backend.workflow_manager - INFO - Created workflow: New Workflow (ID: a5a1a73e)
2025-12-17 23:04:47,481 - src.backend.workflow_manager - INFO - Added node Dataset to workflow New Workflow
2025-12-17 23:13:01,370 - __main__ - INFO - Starting TRANS-QML Application
2025-12-17 23:13:01,651 - __main__ - INFO - macOS application name set via NSBundle
2025-12-17 23:13:02,402 - __main__ - INFO - Application icon set: /Users/eduardapolicarpo/Documents/Doutorado/TRANS_QML/icon.png
2025-12-17 23:13:02,589 - src.backend.app_backend - INFO - Loaded 10 recent projects
2025-12-17 23:13:02,591 - src.data_loaders.nanosurf_sts_enhanced - WARNING - Could not apply NSFopen patches: type object 'read' has no attribute 'read'
2025-12-17 23:13:02,591 - src.backend.app_backend - INFO - Nanosurf loader initialized
2025-12-17 23:13:02,592 - src.backend.app_backend - INFO - NeaSpec loader initialized
2025-12-17 23:13:02,592 - src.backend.app_backend - INFO - Omicron Matrix STS loader initialized
2025-12-17 23:13:02,592 - src.backend.app_backend - INFO - Omicron Flat image loader initialized
2025-12-17 23:13:02,592 - src.backend.worker - INFO - PersistentWorker initialized
2025-12-17 23:13:02,599 - src.backend.worker - INFO - WorkerManager initialized with persistent worker
2025-12-17 23:13:02,599 - src.backend.worker - INFO - PersistentWorker thread started
2025-12-17 23:13:02,600 - src.backend.dock_manager - INFO - DockManager initialized. Config dir: /Users/eduardapolicarpo/.trans_qml
2025-12-17 23:13:02,601 - src.backend.preferences_manager - INFO - Loaded preferences, current scheme: uhaul_ready
2025-12-17 23:13:02,601 - src.backend.app_backend - INFO - AppBackend initialized with all tools
2025-12-17 23:13:04,956 - __main__ - INFO - Application started successfully
2025-12-17 23:13:09,705 - src.backend.app_backend - INFO - Creating project: ttttt at /Users/eduardapolicarpo/Documents/TRANS_QML_Projects/ttttt
2025-12-17 23:13:09,723 - src.backend.app_backend - INFO - Saved 10 recent projects
2025-12-17 23:13:09,729 - src.backend.app_backend - INFO - Project created: ttttt (directories will be created on first output)
2025-12-17 23:13:12,190 - src.backend.workflow_manager - INFO - Created workflow: New Workflow (ID: 9e65f368)
2025-12-17 23:13:14,257 - src.backend.workflow_manager - INFO - Added node Gradient to workflow New Workflow
2025-12-17 23:13:16,873 - src.backend.workflow_manager - INFO - Added node Map Median Filter to workflow New Workflow
2025-12-17 23:13:19,390 - src.backend.workflow_manager - INFO - Added node Image Discretizer to workflow New Workflow
2025-12-17 23:13:25,256 - src.backend.workflow_manager - INFO - Added node Dataset to workflow New Workflow
2025-12-17 23:13:30,856 - src.backend.workflow_manager - INFO - Added node FFT to workflow New Workflow
2025-12-17 23:13:32,907 - src.backend.workflow_manager - INFO - Added node Baseline to workflow New Workflow
2025-12-17 23:13:34,539 - src.backend.workflow_manager - INFO - Added node Derivative to workflow New Workflow
2025-12-17 23:13:41,137 - src.backend.workflow_manager - INFO - Removed node 2f16cbe2 from workflow New Workflow
2025-12-17 23:13:44,237 - src.backend.workflow_manager - INFO - Removed node 32c54bd6 from workflow New Workflow
2025-12-17 23:13:46,989 - src.backend.workflow_manager - INFO - Removed node d55ff3e2 from workflow New Workflow
2025-12-17 23:13:49,570 - src.backend.workflow_manager - INFO - Removed node 1288eb87 from workflow New Workflow
2025-12-17 23:13:52,170 - src.backend.workflow_manager - INFO - Removed node c119bfa8 from workflow New Workflow
2025-12-17 23:13:54,537 - src.backend.workflow_manager - INFO - Removed node a8ac5936 from workflow New Workflow
2025-12-17 23:13:58,621 - src.backend.workflow_manager - INFO - Added node Math Operation to workflow New Workflow
2025-12-17 23:14:00,388 - src.backend.workflow_manager - INFO - Added node Integration to workflow New Workflow
2025-12-17 23:14:40,059 - src.backend.preferences_manager - INFO - Preferences saved
2025-12-17 23:14:40,063 - src.backend.preferences_manager - INFO - Scheme changed to: valid_vibing
2025-12-17 23:14:44,017 - src.backend.preferences_manager - INFO - Preferences saved
2025-12-17 23:14:44,027 - src.backend.preferences_manager - INFO - Scheme changed to: garlic_bread
2025-12-17 23:15:01,042 - src.backend.workflow_manager - INFO - Added node Integration to workflow New Workflow
2025-12-17 23:15:11,731 - src.backend.workflow_manager - INFO - Removed node 2c85d867 from workflow New Workflow
2025-12-17 23:15:14,447 - src.backend.workflow_manager - INFO - Removed node 9decefb3 from workflow New Workflow
2025-12-17 23:15:17,131 - src.backend.workflow_manager - INFO - Removed node bb0e89df from workflow New Workflow
2025-12-17 23:15:19,981 - src.backend.workflow_manager - INFO - Removed node 7eccb69f from workflow New Workflow
2025-12-17 23:15:26,182 - src.backend.workflow_manager - INFO - Added node Integration to workflow New Workflow
2025-12-17 23:15:33,413 - src.backend.workflow_manager - INFO - Removed node 08a689d4 from workflow New Workflow
2025-12-17 23:16:51,124 - src.backend.workflow_manager - INFO - Added node Smoothing to workflow New Workflow
2025-12-17 23:17:49,702 - src.backend.workflow_manager - INFO - Added node Truncate to workflow New Workflow
2025-12-17 23:17:52,839 - src.backend.workflow_manager - INFO - Added connection in workflow New Workflow
2025-12-17 23:18:03,743 - src.backend.preferences_manager - INFO - Preferences saved
2025-12-17 23:18:03,750 - src.backend.preferences_manager - INFO - Scheme changed to: attracted_to_pans
2025-12-17 23:18:20,689 - src.backend.workflow_manager - INFO - Added node Math Operation to workflow New Workflow
2025-12-17 23:18:23,988 - src.backend.workflow_manager - INFO - Added node Integration to workflow New Workflow
2025-12-17 23:18:35,609 - src.backend.workflow_manager - INFO - Added connection in workflow New Workflow
2025-12-17 23:18:39,301 - src.backend.workflow_manager - INFO - Added node Image Discretizer to workflow New Workflow
2025-12-17 23:18:50,886 - src.backend.workflow_manager - INFO - Added node Map Polynomial BG Removal to workflow New Workflow
2025-12-17 23:18:59,152 - src.backend.workflow_manager - INFO - Added node Peak Finder to workflow New Workflow
2025-12-17 23:19:43,573 - src.backend.workflow_manager - INFO - Added connection in workflow New Workflow
2025-12-17 23:19:49,290 - src.backend.workflow_manager - INFO - Added connection in workflow New Workflow
2025-12-17 23:19:59,623 - src.backend.workflow_manager - INFO - Added node Comment to workflow New Workflow
2025-12-17 23:35:45,430 - src.backend.preferences_manager - INFO - Preferences saved
2025-12-17 23:35:45,439 - src.backend.preferences_manager - INFO - Scheme changed to: garlic_bread
2025-12-17 23:35:50,340 - src.backend.preferences_manager - INFO - Preferences saved
2025-12-17 23:35:50,343 - src.backend.preferences_manager - INFO - Scheme changed to: gender_who
2025-12-17 23:35:54,616 - src.backend.preferences_manager - INFO - Preferences saved
2025-12-17 23:35:54,619 - src.backend.preferences_manager - INFO - Scheme changed to: intersectional
2025-12-17 23:36:02,772 - src.backend.preferences_manager - INFO - Preferences saved
2025-12-17 23:36:02,775 - src.backend.preferences_manager - INFO - Scheme changed to: just_dark
2025-12-17 23:36:10,204 - src.backend.preferences_manager - INFO - Preferences saved
2025-12-17 23:36:10,209 - src.backend.preferences_manager - INFO - Scheme changed to: blahaj_light
2025-12-17 23:36:19,922 - src.backend.preferences_manager - INFO - Preferences saved
2025-12-17 23:36:19,927 - src.backend.preferences_manager - INFO - Scheme changed to: lemon_bar
2025-12-17 23:36:23,863 - src.backend.preferences_manager - INFO - Preferences saved
2025-12-17 23:36:23,871 - src.backend.preferences_manager - INFO - Scheme changed to: sunset_blvd
2025-12-17 23:36:33,693 - src.backend.preferences_manager - INFO - Preferences saved
2025-12-17 23:36:33,700 - src.backend.preferences_manager - INFO - Scheme changed to: sunshine_valid
2025-12-17 23:36:38,583 - src.backend.preferences_manager - INFO - Preferences saved
2025-12-17 23:36:38,589 - src.backend.preferences_manager - INFO - Scheme changed to: tropical_panch
2025-12-17 23:36:48,955 - src.backend.preferences_manager - INFO - Preferences saved
2025-12-17 23:36:48,959 - src.backend.preferences_manager - INFO - Scheme changed to: just_light
2025-12-17 23:36:58,611 - src.backend.preferences_manager - INFO - Preferences saved
2025-12-17 23:36:58,618 - src.backend.preferences_manager - INFO - Scheme changed to: rainbow_sherbet
2025-12-17 23:37:07,888 - src.backend.preferences_manager - INFO - Preferences saved
2025-12-17 23:37:07,894 - src.backend.preferences_manager - INFO - Scheme changed to: valid_vibing
2025-12-17 23:37:12,219 - src.backend.preferences_manager - INFO - Preferences saved
2025-12-17 23:37:12,226 - src.backend.preferences_manager - INFO - Scheme changed to: blahaj_aesthetic
2025-12-17 23:37:29,411 - src.backend.preferences_manager - INFO - Preferences saved
2025-12-17 23:37:29,422 - src.backend.preferences_manager - INFO - Scheme changed to: sitting_weird
2025-12-17 23:37:37,435 - src.backend.preferences_manager - INFO - Preferences saved
2025-12-17 23:37:37,437 - src.backend.preferences_manager - INFO - Scheme changed to: attracted_to_pans
2025-12-17 23:37:42,180 - src.backend.preferences_manager - INFO - Preferences saved
2025-12-17 23:37:42,191 - src.backend.preferences_manager - INFO - Scheme changed to: garlic_bread
2025-12-17 23:37:47,029 - src.backend.preferences_manager - INFO - Preferences saved
2025-12-17 23:37:47,033 - src.backend.preferences_manager - INFO - Scheme changed to: breaking_binary
2025-12-17 23:37:57,627 - src.backend.preferences_manager - INFO - Preferences saved
2025-12-17 23:37:57,634 - src.backend.preferences_manager - INFO - Scheme changed to: kitchen_table
2025-12-17 23:38:05,645 - src.backend.preferences_manager - INFO - Preferences saved
2025-12-17 23:38:05,658 - src.backend.preferences_manager - INFO - Scheme changed to: blahaj_aesthetic
2025-12-17 23:38:09,581 - src.backend.preferences_manager - INFO - Preferences saved
2025-12-17 23:38:09,585 - src.backend.preferences_manager - INFO - Scheme changed to: sitting_weird
2025-12-17 23:38:13,026 - src.backend.preferences_manager - INFO - Preferences saved
2025-12-17 23:38:13,031 - src.backend.preferences_manager - INFO - Scheme changed to: uhaul_ready
2025-12-17 23:38:34,900 - src.backend.preferences_manager - INFO - Preferences saved
2025-12-17 23:38:34,912 - src.backend.preferences_manager - INFO - Scheme changed to: fruity_rainbow
2025-12-17 23:38:39,740 - src.backend.preferences_manager - INFO - Preferences saved
2025-12-17 23:38:39,745 - src.backend.preferences_manager - INFO - Scheme changed to: valid_vibing
2025-12-17 23:38:47,243 - src.backend.preferences_manager - INFO - Preferences saved
2025-12-17 23:38:47,247 - src.backend.preferences_manager - INFO - Scheme changed to: uhaul_ready
2025-12-17 23:38:53,482 - src.backend.preferences_manager - INFO - Preferences saved
2025-12-17 23:38:53,495 - src.backend.preferences_manager - INFO - Scheme changed to: no_romo
2025-12-17 23:39:00,344 - src.backend.preferences_manager - INFO - Preferences saved
2025-12-17 23:39:00,352 - src.backend.preferences_manager - INFO - Scheme changed to: breaking_binary
2025-12-17 23:39:05,553 - src.backend.preferences_manager - INFO - Preferences saved
2025-12-17 23:39:05,559 - src.backend.preferences_manager - INFO - Scheme changed to: gender_who
2025-12-17 23:39:19,203 - src.backend.preferences_manager - INFO - Preferences saved
2025-12-17 23:39:19,207 - src.backend.preferences_manager - INFO - Scheme changed to: intersectional
2025-12-17 23:39:27,490 - src.backend.preferences_manager - INFO - Preferences saved
2025-12-17 23:39:27,491 - src.backend.preferences_manager - INFO - Scheme changed to: intersectional
2025-12-17 23:39:33,522 - src.backend.preferences_manager - INFO - Preferences saved
2025-12-17 23:39:33,522 - src.backend.preferences_manager - INFO - Scheme changed to: intersectional
2025-12-17 23:39:42,997 - src.backend.preferences_manager - INFO - Preferences saved
2025-12-17 23:39:43,002 - src.backend.preferences_manager - INFO - Scheme changed to: just_dark
2025-12-17 23:39:52,156 - src.backend.preferences_manager - INFO - Preferences saved
2025-12-17 23:39:52,166 - src.backend.preferences_manager - INFO - Scheme changed to: blahaj_aesthetic
2025-12-17 23:39:59,775 - src.backend.preferences_manager - INFO - Preferences saved
2025-12-17 23:39:59,779 - src.backend.preferences_manager - INFO - Scheme changed to: just_dark
2025-12-17 23:42:03,700 - src.backend.preferences_manager - INFO - Preferences saved
2025-12-17 23:42:03,718 - src.backend.preferences_manager - INFO - Scheme changed to: blahaj_light
2025-12-17 23:42:13,885 - src.backend.preferences_manager - INFO - Preferences saved
2025-12-17 23:42:13,890 - src.backend.preferences_manager - INFO - Scheme changed to: sunset_blvd
2025-12-17 23:42:17,762 - src.backend.preferences_manager - INFO - Preferences saved
2025-12-17 23:42:17,768 - src.backend.preferences_manager - INFO - Scheme changed to: sunshine_valid
2025-12-17 23:42:20,944 - src.backend.preferences_manager - INFO - Preferences saved
2025-12-17 23:42:20,956 - src.backend.preferences_manager - INFO - Scheme changed to: tropical_panch
2025-12-17 23:44:36,466 - src.backend.preferences_manager - INFO - Preferences saved
2025-12-17 23:44:36,476 - src.backend.preferences_manager - INFO - Scheme changed to: blahaj_light
2025-12-17 23:44:37,591 - src.backend.preferences_manager - INFO - Preferences saved
2025-12-17 23:44:37,592 - src.backend.preferences_manager - INFO - Scheme changed to: blahaj_light
2025-12-17 23:48:04,075 - src.backend.preferences_manager - INFO - Preferences saved
2025-12-17 23:48:04,081 - src.backend.preferences_manager - INFO - Scheme changed to: sunset_blvd
2025-12-17 23:48:16,458 - src.backend.preferences_manager - INFO - Preferences saved
2025-12-17 23:48:16,466 - src.backend.preferences_manager - INFO - Scheme changed to: sunshine_valid
2025-12-17 23:48:25,554 - src.backend.preferences_manager - INFO - Preferences saved
2025-12-17 23:48:25,560 - src.backend.preferences_manager - INFO - Scheme changed to: tropical_panch
2025-12-17 23:48:28,851 - src.backend.preferences_manager - INFO - Preferences saved
2025-12-17 23:48:28,856 - src.backend.preferences_manager - INFO - Scheme changed to: rainbow_sherbet
2025-12-17 23:48:35,213 - src.backend.preferences_manager - INFO - Preferences saved
2025-12-17 23:48:35,217 - src.backend.preferences_manager - INFO - Scheme changed to: tropical_panch
2025-12-17 23:49:27,217 - src.backend.workflow_manager - INFO - Removed node 974dd7aa from workflow New Workflow
2025-12-17 23:50:05,617 - src.backend.preferences_manager - INFO - Preferences saved
2025-12-17 23:50:05,622 - src.backend.preferences_manager - INFO - Scheme changed to: rainbow_sherbet
2025-12-17 23:50:10,419 - src.backend.preferences_manager - INFO - Preferences saved
2025-12-17 23:50:10,425 - src.backend.preferences_manager - INFO - Scheme changed to: blahaj_aesthetic
2025-12-17 23:50:23,143 - src.backend.preferences_manager - INFO - Preferences saved
2025-12-17 23:50:23,150 - src.backend.preferences_manager - INFO - Scheme changed to: blahaj_aesthetic
2025-12-17 23:50:47,821 - src.backend.preferences_manager - INFO - Preferences saved
2025-12-17 23:50:47,826 - src.backend.preferences_manager - INFO - Scheme changed to: sitting_weird
2025-12-17 23:52:11,667 - src.backend.preferences_manager - INFO - Preferences saved
2025-12-17 23:52:11,674 - src.backend.preferences_manager - INFO - Scheme changed to: uhaul_ready
2025-12-17 23:52:14,250 - src.backend.preferences_manager - INFO - Preferences saved
2025-12-17 23:52:14,255 - src.backend.preferences_manager - INFO - Scheme changed to: fruity_rainbow
2025-12-17 23:52:18,050 - src.backend.preferences_manager - INFO - Preferences saved
2025-12-17 23:52:18,056 - src.backend.preferences_manager - INFO - Scheme changed to: valid_vibing
2025-12-17 23:52:23,281 - src.backend.preferences_manager - INFO - Preferences saved
2025-12-17 23:52:23,286 - src.backend.preferences_manager - INFO - Scheme changed to: attracted_to_pans
2025-12-17 23:52:25,509 - src.backend.preferences_manager - INFO - Preferences saved
2025-12-17 23:52:25,517 - src.backend.preferences_manager - INFO - Scheme changed to: garlic_bread
2025-12-17 23:52:27,700 - src.backend.preferences_manager - INFO - Preferences saved
2025-12-17 23:52:27,710 - src.backend.preferences_manager - INFO - Scheme changed to: no_romo
2025-12-17 23:52:30,651 - src.backend.preferences_manager - INFO - Preferences saved
2025-12-17 23:52:30,655 - src.backend.preferences_manager - INFO - Scheme changed to: breaking_binary
2025-12-17 23:52:40,607 - src.backend.preferences_manager - INFO - Preferences saved
2025-12-17 23:52:40,618 - src.backend.preferences_manager - INFO - Scheme changed to: gender_who
2025-12-17 23:52:57,834 - src.backend.preferences_manager - INFO - Preferences saved
2025-12-17 23:52:57,839 - src.backend.preferences_manager - INFO - Scheme changed to: intersectional
2025-12-17 23:55:01,912 - src.backend.preferences_manager - INFO - Preferences saved
2025-12-17 23:55:01,918 - src.backend.preferences_manager - INFO - Scheme changed to: kitchen_table
2025-12-17 23:55:59,196 - src.backend.preferences_manager - INFO - Preferences saved
2025-12-17 23:55:59,209 - src.backend.preferences_manager - INFO - Scheme changed to: just_dark
2025-12-17 23:56:13,497 - src.backend.preferences_manager - INFO - Preferences saved
2025-12-17 23:56:13,502 - src.backend.preferences_manager - INFO - Scheme changed to: attracted_to_pans
2025-12-17 23:56:18,757 - src.backend.preferences_manager - INFO - Preferences saved
2025-12-17 23:56:18,764 - src.backend.preferences_manager - INFO - Scheme changed to: uhaul_ready
2025-12-17 23:56:21,234 - src.backend.preferences_manager - INFO - Preferences saved
2025-12-17 23:56:21,240 - src.backend.preferences_manager - INFO - Scheme changed to: sitting_weird
2025-12-17 23:57:49,673 - src.backend.preferences_manager - INFO - Preferences saved
2025-12-17 23:57:49,679 - src.backend.preferences_manager - INFO - Scheme changed to: no_romo
2025-12-17 23:57:53,714 - src.backend.preferences_manager - INFO - Preferences saved
2025-12-17 23:57:53,719 - src.backend.preferences_manager - INFO - Scheme changed to: breaking_binary
2025-12-17 23:58:02,313 - src.backend.preferences_manager - INFO - Preferences saved
2025-12-17 23:58:02,319 - src.backend.preferences_manager - INFO - Scheme changed to: gender_who
2025-12-17 23:58:07,067 - src.backend.preferences_manager - INFO - Preferences saved
2025-12-17 23:58:07,071 - src.backend.preferences_manager - INFO - Scheme changed to: intersectional
2025-12-17 23:58:12,226 - src.backend.preferences_manager - INFO - Preferences saved
2025-12-17 23:58:12,231 - src.backend.preferences_manager - INFO - Scheme changed to: kitchen_table
2025-12-17 23:58:15,221 - src.backend.preferences_manager - INFO - Preferences saved
2025-12-17 23:58:15,227 - src.backend.preferences_manager - INFO - Scheme changed to: just_dark
2025-12-18 00:03:42,725 - src.backend.preferences_manager - INFO - Preferences saved
2025-12-18 00:03:42,730 - src.backend.preferences_manager - INFO - Scheme changed to: just_dark
2025-12-18 00:03:43,577 - src.backend.preferences_manager - INFO - Preferences saved
2025-12-18 00:03:43,577 - src.backend.preferences_manager - INFO - Scheme changed to: just_dark
2025-12-18 00:04:25,399 - src.backend.workflow_manager - INFO - Removed node d9e0f748 from workflow New Workflow
2025-12-18 01:05:06,683 - src.backend.app_backend - INFO - Closing all windows (0 open)
2025-12-18 01:05:06,689 - src.backend.app_backend - INFO - All windows closed
2025-12-18 01:05:06,722 - __main__ - INFO - === Application shutting down ===
2025-12-18 01:05:06,722 - __main__ - INFO - Closing 0 open windows...
2025-12-18 01:05:06,722 - __main__ - INFO - All windows closed
2025-12-18 01:05:06,734 - __main__ - INFO - Stopping worker thread...
2025-12-18 01:05:06,736 - src.backend.worker - INFO - PersistentWorker stop() called
2025-12-18 01:05:06,741 - src.backend.worker - INFO - PersistentWorker stop signal sent
2025-12-18 01:05:06,750 - src.backend.worker - INFO - PersistentWorker thread stopped
2025-12-18 01:05:06,760 - __main__ - INFO - Worker thread stopped
2025-12-18 01:05:06,760 - __main__ - INFO - === Cleanup complete ===
2025-12-18 01:05:06,762 - __main__ - INFO - Application event loop exited with code 0
2025-12-18 01:05:57,938 - __main__ - INFO - Starting TRANS-QML Application
2025-12-18 01:06:06,186 - __main__ - INFO - macOS application name set via NSBundle
2025-12-18 01:06:13,293 - __main__ - INFO - Application icon set: /Users/eduardapolicarpo/Documents/Doutorado/TRANS_QML/icon.png
2025-12-18 01:06:13,413 - src.backend.app_backend - INFO - Loaded 10 recent projects
2025-12-18 01:06:13,414 - src.data_loaders.nanosurf_sts_enhanced - WARNING - Could not apply NSFopen patches: type object 'read' has no attribute 'read'
2025-12-18 01:06:13,415 - src.backend.app_backend - INFO - Nanosurf loader initialized
2025-12-18 01:06:13,415 - src.backend.app_backend - INFO - NeaSpec loader initialized
2025-12-18 01:06:13,416 - src.backend.app_backend - INFO - Omicron Matrix STS loader initialized
2025-12-18 01:06:13,416 - src.backend.app_backend - INFO - Omicron Flat image loader initialized
2025-12-18 01:06:13,418 - src.backend.worker - INFO - PersistentWorker initialized
2025-12-18 01:06:13,420 - src.backend.worker - INFO - WorkerManager initialized with persistent worker
2025-12-18 01:06:13,421 - src.backend.worker - INFO - PersistentWorker thread started
2025-12-18 01:06:13,438 - src.backend.dock_manager - INFO - DockManager initialized. Config dir: /Users/eduardapolicarpo/.trans_qml
2025-12-18 01:06:13,443 - src.backend.preferences_manager - INFO - Loaded preferences, current scheme: just_dark
2025-12-18 01:06:13,444 - src.backend.app_backend - INFO - AppBackend initialized with all tools
2025-12-18 01:06:33,605 - __main__ - INFO - Application started successfully
2025-12-18 01:08:08,485 - src.backend.app_backend - INFO - Creating project: kkkkk at /Users/eduardapolicarpo/Documents/TRANS_QML_Projects/kkkkk
2025-12-18 01:08:08,504 - src.backend.app_backend - INFO - Saved 10 recent projects
2025-12-18 01:08:08,525 - src.backend.app_backend - INFO - Project created: kkkkk (directories will be created on first output)
2025-12-18 01:08:12,642 - src.backend.workflow_manager - INFO - Created workflow: New Workflow (ID: 794b7a36)
2025-12-18 01:08:19,359 - src.backend.workflow_manager - INFO - Added node Map Median Filter to workflow New Workflow
2025-12-18 01:08:22,617 - src.backend.workflow_manager - INFO - Added node Image Discretizer to workflow New Workflow
2025-12-18 01:12:54,641 - src.backend.app_backend - INFO - Closing all windows (0 open)
2025-12-18 01:12:54,651 - src.backend.app_backend - INFO - All windows closed
2025-12-18 01:12:54,661 - __main__ - INFO - === Application shutting down ===
2025-12-18 01:12:54,662 - __main__ - INFO - Closing 0 open windows...
2025-12-18 01:12:54,662 - __main__ - INFO - All windows closed
2025-12-18 01:12:54,662 - __main__ - INFO - Stopping worker thread...
2025-12-18 01:12:54,662 - src.backend.worker - INFO - PersistentWorker stop() called
2025-12-18 01:12:54,662 - src.backend.worker - INFO - PersistentWorker stop signal sent
2025-12-18 01:12:54,663 - src.backend.worker - INFO - PersistentWorker thread stopped
2025-12-18 01:12:54,663 - __main__ - INFO - Worker thread stopped
2025-12-18 01:12:54,663 - __main__ - INFO - === Cleanup complete ===
2025-12-18 01:12:54,663 - __main__ - INFO - Application event loop exited with code 0
2025-12-18 01:13:05,949 - __main__ - INFO - Starting TRANS-QML Application
2025-12-18 01:13:11,794 - __main__ - INFO - macOS application name set via NSBundle
2025-12-18 01:13:17,079 - __main__ - INFO - Application icon set: /Users/eduardapolicarpo/Documents/Doutorado/TRANS_QML/icon.png
2025-12-18 01:13:17,213 - src.backend.app_backend - INFO - Loaded 10 recent projects
2025-12-18 01:13:17,215 - src.data_loaders.nanosurf_sts_enhanced - WARNING - Could not apply NSFopen patches: type object 'read' has no attribute 'read'
2025-12-18 01:13:17,216 - src.backend.app_backend - INFO - Nanosurf loader initialized
2025-12-18 01:13:17,216 - src.backend.app_backend - INFO - NeaSpec loader initialized
2025-12-18 01:13:17,217 - src.backend.app_backend - INFO - Omicron Matrix STS loader initialized
2025-12-18 01:13:17,217 - src.backend.app_backend - INFO - Omicron Flat image loader initialized
2025-12-18 01:13:17,218 - src.backend.worker - INFO - PersistentWorker initialized
2025-12-18 01:13:17,219 - src.backend.worker - INFO - WorkerManager initialized with persistent worker
2025-12-18 01:13:17,219 - src.backend.worker - INFO - PersistentWorker thread started
2025-12-18 01:13:17,221 - src.backend.dock_manager - INFO - DockManager initialized. Config dir: /Users/eduardapolicarpo/.trans_qml
2025-12-18 01:13:17,242 - src.backend.preferences_manager - INFO - Loaded preferences, current scheme: just_dark
2025-12-18 01:13:17,243 - src.backend.app_backend - INFO - AppBackend initialized with all tools
2025-12-18 01:13:35,191 - __main__ - INFO - Application started successfully
2025-12-18 01:15:13,793 - src.backend.app_backend - INFO - Creating project: jjj at /Users/eduardapolicarpo/Documents/TRANS_QML_Projects/jjj
2025-12-18 01:15:13,829 - src.backend.app_backend - INFO - Saved 10 recent projects
2025-12-18 01:15:13,835 - src.backend.app_backend - INFO - Project created: jjj (directories will be created on first output)
2025-12-18 01:15:17,209 - src.backend.workflow_manager - INFO - Created workflow: New Workflow (ID: f27ccc19)
2025-12-18 01:15:20,738 - src.backend.workflow_manager - INFO - Added node Map Normalize to workflow New Workflow
2025-12-18 01:15:22,269 - src.backend.workflow_manager - INFO - Added node Map Plane Level to workflow New Workflow
2025-12-18 01:18:49,934 - src.backend.app_backend - INFO - Closing all windows (0 open)
2025-12-18 01:18:49,949 - src.backend.app_backend - INFO - All windows closed
2025-12-18 01:18:49,958 - __main__ - INFO - === Application shutting down ===
2025-12-18 01:18:49,958 - __main__ - INFO - Closing 0 open windows...
2025-12-18 01:18:49,958 - __main__ - INFO - All windows closed
2025-12-18 01:18:49,958 - __main__ - INFO - Stopping worker thread...
2025-12-18 01:18:49,958 - src.backend.worker - INFO - PersistentWorker stop() called
2025-12-18 01:18:49,958 - src.backend.worker - INFO - PersistentWorker stop signal sent
2025-12-18 01:18:49,959 - src.backend.worker - INFO - PersistentWorker thread stopped
2025-12-18 01:18:49,959 - __main__ - INFO - Worker thread stopped
2025-12-18 01:18:49,959 - __main__ - INFO - === Cleanup complete ===
2025-12-18 01:18:49,960 - __main__ - INFO - Application event loop exited with code 0
2025-12-18 01:19:01,063 - __main__ - INFO - Starting TRANS-QML Application
2025-12-18 01:19:04,541 - __main__ - INFO - macOS application name set via NSBundle
2025-12-18 01:19:10,093 - __main__ - INFO - Application icon set: /Users/eduardapolicarpo/Documents/Doutorado/TRANS_QML/icon.png
2025-12-18 01:19:10,168 - src.backend.app_backend - INFO - Loaded 10 recent projects
2025-12-18 01:19:10,170 - src.data_loaders.nanosurf_sts_enhanced - WARNING - Could not apply NSFopen patches: type object 'read' has no attribute 'read'
2025-12-18 01:19:10,171 - src.backend.app_backend - INFO - Nanosurf loader initialized
2025-12-18 01:19:10,172 - src.backend.app_backend - INFO - NeaSpec loader initialized
2025-12-18 01:19:10,173 - src.backend.app_backend - INFO - Omicron Matrix STS loader initialized
2025-12-18 01:19:10,174 - src.backend.app_backend - INFO - Omicron Flat image loader initialized
2025-12-18 01:19:10,175 - src.backend.worker - INFO - PersistentWorker initialized
2025-12-18 01:19:10,176 - src.backend.worker - INFO - WorkerManager initialized with persistent worker
2025-12-18 01:19:10,177 - src.backend.worker - INFO - PersistentWorker thread started
2025-12-18 01:19:10,195 - src.backend.dock_manager - INFO - DockManager initialized. Config dir: /Users/eduardapolicarpo/.trans_qml
2025-12-18 01:19:10,327 - src.backend.preferences_manager - INFO - Loaded preferences, current scheme: just_dark
2025-12-18 01:19:10,328 - src.backend.app_backend - INFO - AppBackend initialized with all tools
2025-12-18 01:19:29,533 - __main__ - INFO - Application started successfully
2025-12-18 01:19:44,450 - src.backend.app_backend - INFO - Creating project: llllll at /Users/eduardapolicarpo/Documents/TRANS_QML_Projects/llllll
2025-12-18 01:19:44,480 - src.backend.app_backend - INFO - Saved 10 recent projects
2025-12-18 01:19:44,488 - src.backend.app_backend - INFO - Project created: llllll (directories will be created on first output)
2025-12-18 01:19:46,952 - src.backend.workflow_manager - INFO - Created workflow: New Workflow (ID: e51217ba)
2025-12-18 01:19:48,814 - src.backend.workflow_manager - INFO - Added node Map Median Filter to workflow New Workflow
2025-12-18 01:20:10,834 - src.backend.preferences_manager - INFO - Preferences saved
2025-12-18 01:20:10,844 - src.backend.preferences_manager - INFO - Scheme changed to: garlic_bread
2025-12-18 01:20:22,484 - src.backend.workflow_manager - INFO - Added node Smoothing to workflow New Workflow
2025-12-18 01:20:27,113 - src.backend.workflow_manager - INFO - Added node Dataset to workflow New Workflow
2025-12-18 01:20:38,514 - src.backend.preferences_manager - INFO - Preferences saved
2025-12-18 01:20:38,537 - src.backend.preferences_manager - INFO - Scheme changed to: valid_vibing
2025-12-18 01:20:43,051 - src.backend.preferences_manager - INFO - Preferences saved
2025-12-18 01:20:43,075 - src.backend.preferences_manager - INFO - Scheme changed to: sitting_weird
2025-12-18 01:22:07,379 - src.backend.preferences_manager - INFO - Preferences saved
2025-12-18 01:22:07,392 - src.backend.preferences_manager - INFO - Scheme changed to: blahaj_aesthetic
2025-12-18 01:22:16,741 - src.backend.workflow_manager - INFO - Added node Math Operation to workflow New Workflow
2025-12-18 01:23:01,339 - src.backend.workflow_manager - INFO - Created workflow: New Workflow (ID: a6f47c13)
2025-12-18 01:23:13,757 - src.backend.preferences_manager - INFO - Preferences saved
2025-12-18 01:23:13,775 - src.backend.preferences_manager - INFO - Scheme changed to: fruity_rainbow
2025-12-18 01:23:22,990 - src.backend.workflow_manager - INFO - Added node Baseline to workflow New Workflow
2025-12-18 01:23:27,708 - src.backend.workflow_manager - INFO - Added node Flat Data to workflow New Workflow
2025-12-18 01:23:37,196 - src.backend.workflow_manager - INFO - Added node Image Discretizer to workflow New Workflow
2025-12-18 01:23:45,354 - src.backend.preferences_manager - INFO - Preferences saved
2025-12-18 01:23:45,377 - src.backend.preferences_manager - INFO - Scheme changed to: attracted_to_pans
2025-12-18 01:23:52,441 - src.backend.preferences_manager - INFO - Preferences saved
2025-12-18 01:23:52,540 - src.backend.preferences_manager - INFO - Scheme changed to: sunshine_valid
2025-12-18 01:23:55,127 - src.backend.preferences_manager - INFO - Preferences saved
2025-12-18 01:23:55,193 - src.backend.preferences_manager - INFO - Scheme changed to: tropical_panch
2025-12-18 01:25:01,188 - src.backend.app_backend - INFO - Closing all windows (0 open)
2025-12-18 01:25:01,188 - src.backend.app_backend - INFO - All windows closed
2025-12-18 01:25:01,212 - __main__ - INFO - === Application shutting down ===
2025-12-18 01:25:01,212 - __main__ - INFO - Closing 0 open windows...
2025-12-18 01:25:01,212 - __main__ - INFO - All windows closed
2025-12-18 01:25:01,212 - __main__ - INFO - Stopping worker thread...
2025-12-18 01:25:01,213 - src.backend.worker - INFO - PersistentWorker stop() called
2025-12-18 01:25:01,213 - src.backend.worker - INFO - PersistentWorker stop signal sent
2025-12-18 01:25:01,213 - src.backend.worker - INFO - PersistentWorker thread stopped
2025-12-18 01:25:01,214 - __main__ - INFO - Worker thread stopped
2025-12-18 01:25:01,214 - __main__ - INFO - === Cleanup complete ===
2025-12-18 01:25:01,215 - __main__ - INFO - Application event loop exited with code 0
2025-12-18 01:25:10,030 - __main__ - INFO - Starting TRANS-QML Application
2025-12-18 01:25:10,209 - __main__ - INFO - macOS application name set via NSBundle
2025-12-18 01:25:10,563 - __main__ - INFO - Application icon set: /Users/eduardapolicarpo/Documents/Doutorado/TRANS_QML/icon.png
2025-12-18 01:25:10,576 - src.backend.app_backend - INFO - Loaded 10 recent projects
2025-12-18 01:25:10,577 - src.data_loaders.nanosurf_sts_enhanced - WARNING - Could not apply NSFopen patches: type object 'read' has no attribute 'read'
2025-12-18 01:25:10,577 - src.backend.app_backend - INFO - Nanosurf loader initialized
2025-12-18 01:25:10,577 - src.backend.app_backend - INFO - NeaSpec loader initialized
2025-12-18 01:25:10,577 - src.backend.app_backend - INFO - Omicron Matrix STS loader initialized
2025-12-18 01:25:10,577 - src.backend.app_backend - INFO - Omicron Flat image loader initialized
2025-12-18 01:25:10,577 - src.backend.worker - INFO - PersistentWorker initialized
2025-12-18 01:25:10,578 - src.backend.worker - INFO - WorkerManager initialized with persistent worker
2025-12-18 01:25:10,578 - src.backend.worker - INFO - PersistentWorker thread started
2025-12-18 01:25:10,578 - src.backend.dock_manager - INFO - DockManager initialized. Config dir: /Users/eduardapolicarpo/.trans_qml
2025-12-18 01:25:10,579 - src.backend.preferences_manager - INFO - Loaded preferences, current scheme: tropical_panch
2025-12-18 01:25:10,580 - src.backend.app_backend - INFO - AppBackend initialized with all tools
2025-12-18 01:25:11,358 - __main__ - INFO - Application started successfully
2025-12-18 01:25:15,573 - src.backend.app_backend - INFO - Creating project: kkkkkkk at /Users/eduardapolicarpo/Documents/TRANS_QML_Projects/kkkkkkk
2025-12-18 01:25:15,577 - src.backend.app_backend - INFO - Saved 10 recent projects
2025-12-18 01:25:15,580 - src.backend.app_backend - INFO - Project created: kkkkkkk (directories will be created on first output)
2025-12-18 01:25:18,754 - src.backend.workflow_manager - INFO - Created workflow: New Workflow (ID: 378d9745)
2025-12-18 01:25:36,359 - src.backend.preferences_manager - INFO - Preferences saved
2025-12-18 01:25:36,369 - src.backend.preferences_manager - INFO - Scheme changed to: attracted_to_pans
2025-12-18 01:25:48,597 - src.backend.preferences_manager - INFO - Preferences saved
2025-12-18 01:25:48,612 - src.backend.preferences_manager - INFO - Scheme changed to: garlic_bread
2025-12-18 01:30:25,527 - src.backend.workflow_manager - INFO - Added node Flat Data to workflow New Workflow
2025-12-18 01:30:28,081 - src.backend.workflow_manager - INFO - Added node Integration to workflow New Workflow
2025-12-18 01:30:31,896 - src.backend.workflow_manager - INFO - Added connection in workflow New Workflow
2025-12-18 01:32:38,369 - src.backend.app_backend - INFO - Closing all windows (0 open)
2025-12-18 01:32:38,369 - src.backend.app_backend - INFO - All windows closed
2025-12-18 01:32:38,391 - __main__ - INFO - === Application shutting down ===
2025-12-18 01:32:38,391 - __main__ - INFO - Closing 0 open windows...
2025-12-18 01:32:38,391 - __main__ - INFO - All windows closed
2025-12-18 01:32:38,391 - __main__ - INFO - Stopping worker thread...
2025-12-18 01:32:38,391 - src.backend.worker - INFO - PersistentWorker stop() called
2025-12-18 01:32:38,391 - src.backend.worker - INFO - PersistentWorker stop signal sent
2025-12-18 01:32:38,392 - src.backend.worker - INFO - PersistentWorker thread stopped
2025-12-18 01:32:38,392 - __main__ - INFO - Worker thread stopped
2025-12-18 01:32:38,392 - __main__ - INFO - === Cleanup complete ===
2025-12-18 01:32:38,393 - __main__ - INFO - Application event loop exited with code 0
2025-12-18 01:33:02,523 - __main__ - INFO - Starting TRANS-QML Application
2025-12-18 01:33:02,696 - __main__ - INFO - macOS application name set via NSBundle
2025-12-18 01:33:03,039 - __main__ - INFO - Application icon set: /Users/eduardapolicarpo/Documents/Doutorado/TRANS_QML/icon.png
2025-12-18 01:33:03,046 - src.backend.app_backend - INFO - Loaded 10 recent projects
2025-12-18 01:33:03,048 - src.data_loaders.nanosurf_sts_enhanced - WARNING - Could not apply NSFopen patches: type object 'read' has no attribute 'read'
2025-12-18 01:33:03,049 - src.backend.app_backend - INFO - Nanosurf loader initialized
2025-12-18 01:33:03,049 - src.backend.app_backend - INFO - NeaSpec loader initialized
2025-12-18 01:33:03,050 - src.backend.app_backend - INFO - Omicron Matrix STS loader initialized
2025-12-18 01:33:03,051 - src.backend.app_backend - INFO - Omicron Flat image loader initialized
2025-12-18 01:33:03,052 - src.backend.worker - INFO - PersistentWorker initialized
2025-12-18 01:33:03,054 - src.backend.worker - INFO - WorkerManager initialized with persistent worker
2025-12-18 01:33:03,055 - src.backend.dock_manager - INFO - DockManager initialized. Config dir: /Users/eduardapolicarpo/.trans_qml
2025-12-18 01:33:03,055 - src.backend.worker - INFO - PersistentWorker thread started
2025-12-18 01:33:03,057 - src.backend.preferences_manager - INFO - Loaded preferences, current scheme: garlic_bread
2025-12-18 01:33:03,057 - src.backend.app_backend - INFO - AppBackend initialized with all tools
2025-12-18 01:33:03,784 - __main__ - INFO - Application started successfully
2025-12-18 01:33:13,903 - src.backend.app_backend - INFO - Creating project: SeleneAlfa at /Users/eduardapolicarpo/Documents/TRANS_QML_Projects/SeleneAlfa
2025-12-18 01:33:13,915 - src.backend.app_backend - INFO - Saved 10 recent projects
2025-12-18 01:33:13,918 - src.backend.app_backend - INFO - Project created: SeleneAlfa (directories will be created on first output)
2025-12-18 01:33:21,593 - src.backend.workflow_manager - INFO - Created workflow: New Workflow (ID: 3049950d)
2025-12-18 01:33:41,368 - src.backend.preferences_manager - INFO - Preferences saved
2025-12-18 01:33:41,374 - src.backend.preferences_manager - INFO - Scheme changed to: straight_dark
2025-12-18 01:33:53,579 - src.backend.preferences_manager - INFO - Preferences saved
2025-12-18 01:33:53,592 - src.backend.preferences_manager - INFO - Scheme changed to: straight_light
2025-12-18 01:33:59,447 - src.backend.preferences_manager - INFO - Preferences saved
2025-12-18 01:33:59,455 - src.backend.preferences_manager - INFO - Scheme changed to: rainbow_sherbet
2025-12-18 01:34:06,074 - src.backend.preferences_manager - INFO - Preferences saved
2025-12-18 01:34:06,080 - src.backend.preferences_manager - INFO - Scheme changed to: tropical_panch
2025-12-18 01:34:22,717 - src.backend.workflow_manager - INFO - Added node Image to workflow New Workflow
2025-12-18 01:34:28,681 - src.backend.workflow_manager - INFO - Added node Image Smoothing to workflow New Workflow
2025-12-18 01:34:34,694 - src.backend.workflow_manager - INFO - Added node Gradient to workflow New Workflow
2025-12-18 01:34:44,243 - src.backend.workflow_manager - INFO - Added node Image Discretizer to workflow New Workflow
2025-12-18 01:34:51,238 - src.backend.workflow_manager - INFO - Added connection in workflow New Workflow
2025-12-18 01:34:55,177 - src.backend.workflow_manager - INFO - Added connection in workflow New Workflow
2025-12-18 01:34:59,160 - src.backend.workflow_manager - INFO - Added connection in workflow New Workflow
2025-12-18 01:35:28,418 - src.backend.workflow_manager - INFO - Added connection in workflow New Workflow
2025-12-18 01:36:02,862 - src.backend.workflow_manager - INFO - Added node Image to workflow New Workflow
2025-12-18 01:36:14,869 - src.backend.workflow_manager - INFO - Added node Smoothing to workflow New Workflow
2025-12-18 01:36:17,311 - src.backend.workflow_manager - INFO - Added node Integration to workflow New Workflow
2025-12-18 01:36:21,995 - src.backend.workflow_manager - INFO - Added connection in workflow New Workflow
2025-12-18 01:36:27,271 - src.backend.workflow_manager - INFO - Added node Dataset to workflow New Workflow
2025-12-18 01:36:48,973 - src.backend.workflow_manager - INFO - Removed node e34e8799 from workflow New Workflow
2025-12-18 01:36:57,117 - src.backend.workflow_manager - INFO - Added node Dataset to workflow New Workflow
2025-12-18 01:37:06,139 - src.backend.workflow_manager - INFO - Removed node ed2443b1 from workflow New Workflow
2025-12-18 01:37:13,984 - src.backend.workflow_manager - INFO - Removed node b30a063c from workflow New Workflow
2025-12-18 01:37:17,335 - src.backend.workflow_manager - INFO - Removed node 9746755d from workflow New Workflow
2025-12-18 01:37:27,515 - src.backend.workflow_manager - INFO - Added node Peak Finder to workflow New Workflow
2025-12-18 01:37:32,161 - src.backend.workflow_manager - INFO - Added connection in workflow New Workflow
2025-12-18 01:37:40,915 - src.backend.workflow_manager - INFO - Added node Dataset to workflow New Workflow
2025-12-18 01:37:55,120 - src.backend.workflow_manager - INFO - Added node Truncate to workflow New Workflow
2025-12-18 01:37:58,075 - src.backend.workflow_manager - INFO - Added connection in workflow New Workflow
2025-12-18 01:39:31,702 - src.backend.workflow_manager - INFO - Removed node 03f630d7 from workflow New Workflow
2025-12-18 01:39:34,918 - src.backend.workflow_manager - INFO - Removed node 2abe5cd7 from workflow New Workflow
2025-12-18 01:39:37,307 - src.backend.workflow_manager - INFO - Removed node 7de44a6c from workflow New Workflow
2025-12-18 01:40:48,458 - src.backend.workflow_manager - INFO - Added node Dataset to workflow New Workflow
2025-12-18 01:40:55,691 - src.backend.workflow_manager - INFO - Added connection in workflow New Workflow
2025-12-18 01:43:56,387 - src.backend.preferences_manager - INFO - Preferences saved
2025-12-18 01:43:56,405 - src.backend.preferences_manager - INFO - Scheme changed to: blahaj_aesthetic
2025-12-18 01:43:59,564 - src.backend.preferences_manager - INFO - Preferences saved
2025-12-18 01:43:59,569 - src.backend.preferences_manager - INFO - Scheme changed to: uhaul_ready
2025-12-18 01:44:03,321 - src.backend.preferences_manager - INFO - Preferences saved
2025-12-18 01:44:03,325 - src.backend.preferences_manager - INFO - Scheme changed to: garlic_bread
2025-12-18 01:44:12,944 - src.backend.preferences_manager - INFO - Preferences saved
2025-12-18 01:44:12,949 - src.backend.preferences_manager - INFO - Scheme changed to: attracted_to_pans
2025-12-18 01:44:20,025 - src.backend.preferences_manager - INFO - Preferences saved
2025-12-18 01:44:20,031 - src.backend.preferences_manager - INFO - Scheme changed to: breaking_binary
2025-12-18 01:44:23,852 - src.backend.preferences_manager - INFO - Preferences saved
2025-12-18 01:44:23,857 - src.backend.preferences_manager - INFO - Scheme changed to: gender_who
2025-12-18 01:44:31,314 - src.backend.preferences_manager - INFO - Preferences saved
2025-12-18 01:44:31,320 - src.backend.preferences_manager - INFO - Scheme changed to: intersectional
2025-12-18 01:44:37,920 - src.backend.preferences_manager - INFO - Preferences saved
2025-12-18 01:44:37,921 - src.backend.preferences_manager - INFO - Scheme changed to: intersectional
2025-12-18 01:44:58,786 - src.backend.app_backend - INFO - Importing folder: /Users/eduardapolicarpo/Documents/Doutorado/TRANS_beta/data/STS_hyperspec_MnBi2Te4_1
2025-12-18 01:44:58,788 - src.backend.app_backend - INFO - Importing folder: /Users/eduardapolicarpo/Documents/Doutorado/TRANS_beta/data/STS_hyperspec_MnBi2Te4_1
2025-12-18 01:44:58,788 - src.backend.worker - INFO - Task queued: Load STS_hyperspec_MnBi2Te4_1
2025-12-18 01:44:58,789 - src.backend.worker - INFO - Executing task: Load STS_hyperspec_MnBi2Te4_1
2025-12-18 01:44:58,792 - src.backend.app_backend - INFO - Worker started: Load STS_hyperspec_MnBi2Te4_1
2025-12-18 01:44:59,485 - src.data_loaders.base_loader - INFO - Found 10000 files matching pattern '*' in /Users/eduardapolicarpo/Documents/Doutorado/TRANS_beta/data/STS_hyperspec_MnBi2Te4_1
2025-12-18 01:44:59,492 - src.data_loaders.nanosurf_sts_enhanced - INFO - Loading 10000 .nid files from /Users/eduardapolicarpo/Documents/Doutorado/TRANS_beta/data/STS_hyperspec_MnBi2Te4_1
2025-12-18 01:44:59,579 - src.data_loaders.nanosurf_sts_enhanced - INFO - Extracted dimensions from Map0: 100 x 100
2025-12-18 01:44:59,588 - src.data_loaders.nanosurf_sts_enhanced - INFO - Grid dimensions: (100, 100)
2025-12-18 01:44:59,598 - src.data_loaders.nanosurf_sts_enhanced - INFO - Voltage range: [-1.000, 1.044] V (512 points)
2025-12-18 01:44:59,605 - src.data_loaders.nanosurf_sts_enhanced - INFO - Extracted topography with dimensions (128, 128)
2025-12-18 01:45:19,510 - src.backend.workflow_manager - INFO - Added node Comment to workflow New Workflow
2025-12-18 01:51:06,157 - src.data_loaders.base_loader - INFO - Concatenated 10000 spectra into DataFrame
2025-12-18 01:51:06,434 - src.models.spectral_data - INFO - Meander correction applied successfully
2025-12-18 01:51:06,519 - src.data_loaders.base_loader - INFO - Concatenated 10000 spectra into DataFrame
2025-12-18 01:51:06,693 - src.models.spectral_data - INFO - Meander correction applied successfully
2025-12-18 01:51:06,760 - src.data_loaders.base_loader - INFO - Concatenated 10000 spectra into DataFrame
2025-12-18 01:51:06,962 - src.models.spectral_data - INFO - Meander correction applied successfully
2025-12-18 01:51:06,962 - src.data_loaders.nanosurf_sts_enhanced - INFO - Successfully loaded STS data: 3 channels
2025-12-18 01:51:07,109 - src.backend.app_backend - INFO - Loaded dataset: STS_hyperspec_MnBi2Te4_1_Forward
2025-12-18 01:51:07,110 - src.backend.app_backend - INFO - Loaded dataset: STS_hyperspec_MnBi2Te4_1_Backward
2025-12-18 01:51:07,110 - src.backend.app_backend - INFO - Loaded dataset: STS_hyperspec_MnBi2Te4_1_Mixed
2025-12-18 01:51:07,113 - src.backend.worker - INFO - Task completed: Load STS_hyperspec_MnBi2Te4_1
2025-12-18 01:51:07,119 - src.backend.app_backend - INFO - Worker completed: Load STS_hyperspec_MnBi2Te4_1
2025-12-18 01:51:07,139 - src.backend.map_editor_backend - INFO - Linked dataset 'STS_hyperspec_MnBi2Te4_1_Backward' with 10000 spectra
2025-12-18 01:51:07,140 - src.backend.map_editor_backend - INFO - Linked dataset 'STS_hyperspec_MnBi2Te4_1_Forward' with 10000 spectra
2025-12-18 01:51:07,142 - src.backend.map_editor_backend - INFO - Linked dataset 'STS_hyperspec_MnBi2Te4_1_Mixed' with 10000 spectra
2025-12-18 01:51:07,147 - src.backend.app_backend - INFO - Folder loading complete: 3 datasets
2025-12-18 01:54:07,160 - src.backend.app_backend - INFO - Closing all windows (0 open)
2025-12-18 01:54:07,163 - src.backend.app_backend - INFO - All windows closed
2025-12-18 01:54:07,213 - __main__ - INFO - === Application shutting down ===
2025-12-18 01:54:07,214 - __main__ - INFO - Closing 0 open windows...
2025-12-18 01:54:07,214 - __main__ - INFO - All windows closed
2025-12-18 01:54:07,214 - __main__ - INFO - Stopping worker thread...
2025-12-18 01:54:07,214 - src.backend.worker - INFO - PersistentWorker stop() called
2025-12-18 01:54:07,215 - src.backend.worker - INFO - PersistentWorker stop signal sent
2025-12-18 01:54:07,216 - src.backend.worker - INFO - PersistentWorker thread stopped
2025-12-18 01:54:07,217 - __main__ - INFO - Worker thread stopped
2025-12-18 01:54:07,217 - __main__ - INFO - === Cleanup complete ===
2025-12-18 01:54:07,218 - __main__ - INFO - Application event loop exited with code 0
